archivo,hoja,fila_excel,prestacion,nombre_original,base_practica,modalidad,subtipo_propuesto,grupo_codigo_propuesto,grupo_nombre_propuesto,angio,con_contraste,sin_contraste,difusion,observacion
Prácticas-Ecografías.xls,Practicas,4,900137,ECODOPPLER 4 VASOS DE CUELLO,ECODOPPLER 4 VASOS DE CUELLO,ECO,DOPPLER,ECO_DOPPLER,Doppler,False,False,False,False,base_no_separada
Prácticas-Ecografías.xls,Practicas,5,900092,ECODOPPLER AORTA ABDOMINAL,ECODOPPLER AORTA ABDOMINAL,ECO,DOPPLER,ECO_DOPPLER,Doppler,False,False,False,False,base_no_separada
Prácticas-Ecografías.xls,Practicas,6,180604,ECODOPPLER AORTA TORACICA,ECODOPPLER AORTA TORACICA,ECO,DOPPLER,ECO_DOPPLER,Doppler,False,False,False,False,base_no_separada
Prácticas-Ecografías.xls,Practicas,7,900175,"ECODOPPLER AORTA, CAVA, RAMAS VISCERALES",ECODOPPLER AORTA CAVA RAMAS VISCERALES,ECO,DOPPLER,ECO_DOPPLER,Doppler,False,False,False,False,
Prácticas-Ecografías.xls,Practicas,8,180616,ECODOPPLER AORTOILIACO,ECODOPPLER AORTOILIACO,ECO,DOPPLER,ECO_DOPPLER,Doppler,False,False,False,False,base_no_separada
Prácticas-Ecografías.xls,Practicas,9,900046,ECODOPPLER ARTERIAL MM INFERIORES,ECODOPPLER ARTERIAL MM INFERIORES,ECO,DOPPLER,ECO_DOPPLER,Doppler,False,False,False,False,base_no_separada
Prácticas-Ecografías.xls,Practicas,10,900045,ECODOPPLER ARTERIAL MM SUPERIORES,ECODOPPLER ARTERIAL MM SUPERIORES,ECO,DOPPLER,ECO_DOPPLER,Doppler,False,False,False,False,base_no_separada
Prácticas-Ecografías.xls,Practicas,11,180615,ECODOPPLER ARTERIAS SUBCLAVIAS,ECODOPPLER ARTERIAS SUBCLAVIAS,ECO,DOPPLER,ECO_DOPPLER,Doppler,False,False,False,False,base_no_separada
Prácticas-Ecografías.xls,Practicas,12,900009,ECODOPPLER CARDIACO,ECODOPPLER CARDIACO,ECO,DOPPLER,ECO_DOPPLER,Doppler,False,False,False,False,base_no_separada
Prácticas-Ecografías.xls,Practicas,13,900025,ECODOPPLER CAROTIDO VERTEBRAL,ECODOPPLER CAROTIDO VERTEBRAL,ECO,DOPPLER,ECO_DOPPLER,Doppler,False,False,False,False,base_no_separada
Prácticas-Ecografías.xls,Practicas,14,180203,ECODOPPLER CIRCULACION PORTAL,ECODOPPLER CIRCULACION PORTAL,ECO,DOPPLER,ECO_DOPPLER,Doppler,False,False,False,False,base_no_separada
Prácticas-Ecografías.xls,Practicas,15,900688,ECODOPPLER CON ANALISIS DE STRAIN,ECODOPPLER CON ANALISIS DE STRAIN,ECO,DOPPLER,ECO_DOPPLER,Doppler,False,False,False,False,base_no_separada
Prácticas-Ecografías.xls,Practicas,16,901122,ECODOPPLER DERMATOLOGICO,ECODOPPLER DERMATOLOGICO,ECO,DOPPLER,ECO_DOPPLER,Doppler,False,False,False,False,base_no_separada
Prácticas-Ecografías.xls,Practicas,17,180204,ECODOPPLER ESPLENICO-CAVA,ECODOPPLER ESPLENICO-CAVA,ECO,DOPPLER,ECO_DOPPLER,Doppler,False,False,False,False,base_no_separada
Prácticas-Ecografías.xls,Practicas,18,900199,ECODOPPLER HEPATICO,ECODOPPLER HEPATICO,ECO,DOPPLER,ECO_DOPPLER,Doppler,False,False,False,False,base_no_separada
Prácticas-Ecografías.xls,Practicas,19,900453,ECODOPPLER HUESOS NASALES,ECODOPPLER HUESOS NASALES,ECO,DOPPLER,ECO_DOPPLER,Doppler,False,False,False,False,base_no_separada
Prácticas-Ecografías.xls,Practicas,20,900160,ECODOPPLER MAMARIO,ECODOPPLER MAMARIO,ECO,DOPPLER,ECO_DOPPLER,Doppler,False,False,False,False,base_no_separada
Prácticas-Ecografías.xls,Practicas,21,900401,ECODOPPLER OVARIO,ECODOPPLER OVARIO,ECO,DOPPLER,ECO_DOPPLER,Doppler,False,False,False,False,base_no_separada
Prácticas-Ecografías.xls,Practicas,22,180120,ECODOPPLER PARTES BLANDAS,ECODOPPLER PARTES BLANDAS,ECO,DOPPLER,ECO_DOPPLER,Doppler,False,False,False,False,base_no_separada
Prácticas-Ecografías.xls,Practicas,23,900086,ECODOPPLER PELVIANO,ECODOPPLER PELVIANO,ECO,DOPPLER,ECO_DOPPLER,Doppler,False,False,False,False,base_no_separada
Prácticas-Ecografías.xls,Practicas,24,900019,ECODOPPLER RENAL,ECODOPPLER RENAL,ECO,DOPPLER,ECO_DOPPLER,Doppler,False,False,False,False,base_no_separada
Prácticas-Ecografías.xls,Practicas,25,900029,ECODOPPLER TESTICULAR,ECODOPPLER TESTICULAR,ECO,DOPPLER,ECO_DOPPLER,Doppler,False,False,False,False,base_no_separada
Prácticas-Ecografías.xls,Practicas,26,900037,ECODOPPLER TIROIDES,ECODOPPLER TIROIDES,ECO,DOPPLER,ECO_DOPPLER,Doppler,False,False,False,False,base_no_separada
Prácticas-Ecografías.xls,Practicas,27,900402,ECODOPPLER TOCOGINECOLOGICO,ECODOPPLER TOCOGINECOLOGICO,ECO,DOPPLER,ECO_DOPPLER,Doppler,False,False,False,False,base_no_separada
Prácticas-Ecografías.xls,Practicas,28,900044,ECODOPPLER TRANSVAGINAL,ECODOPPLER TRANSVAGINAL,ECO,DOPPLER,ECO_DOPPLER,Doppler,False,False,False,False,base_no_separada
Prácticas-Ecografías.xls,Practicas,29,900374,ECODOPPLER VASOS PENEANOS CON DROGAS VASOACTIVAS,ECODOPPLER VASOS PENEANOS CON DROGAS VASOACTIVAS,ECO,DOPPLER,ECO_DOPPLER,Doppler,False,False,False,False,base_no_separada
Prácticas-Ecografías.xls,Practicas,30,900048,ECODOPPLER VENOSO MM INFERIORES,ECODOPPLER VENOSO MM INFERIORES,ECO,DOPPLER,ECO_DOPPLER,Doppler,False,False,False,False,base_no_separada
Prácticas-Ecografías.xls,Practicas,31,900047,ECODOPPLER VENOSO MM SUPERIORES,ECODOPPLER VENOSO MM SUPERIORES,ECO,DOPPLER,ECO_DOPPLER,Doppler,False,False,False,False,base_no_separada
Prácticas-Ecografías.xls,Practicas,32,180304,ECOESTRESS CON EJERCICIO,ECOESTRESS CON EJERCICIO,ECO,ECOGRAFIA,ECO_ECOGRAFIA,Ecografía,False,False,False,False,base_no_separada
Prácticas-Ecografías.xls,Practicas,33,180117,ECOGRAFIA AORTA ABDOMINAL DINAMICA Y,ECOGRAFIA AORTA ABDOMINAL DINAMICA Y,ECO,ECOGRAFIA,ECO_ECOGRAFIA,Ecografía,False,False,False,False,base_no_separada
Prácticas-Ecografías.xls,Practicas,34,180107,ECOGRAFIA CEREBRAL -CON MODO B Y A-,ECOGRAFIA CEREBRAL -CON MODO B Y A-,ECO,ECOGRAFIA,ECO_ECOGRAFIA,Ecografía,False,False,False,False,base_no_separada
Prácticas-Ecografías.xls,Practicas,35,180112,ECOGRAFIA COMPLETA DE ABDOMEN,ECOGRAFIA COMPLETA DE ABDOMEN,ECO,ECOGRAFIA,ECO_ECOGRAFIA,Ecografía,False,False,False,False,base_no_separada
Prácticas-Ecografías.xls,Practicas,36,900038,ECOGRAFIA DE CADERA UNI/BILATERAL,ECOGRAFIA DE CADERA UNI/BILATERAL,ECO,ECOGRAFIA,ECO_ECOGRAFIA,Ecografía,False,False,False,False,base_no_separada
Prácticas-Ecografías.xls,Practicas,37,900036,ECOGRAFIA DE MIEMBRO INFERIOR,ECOGRAFIA DE MIEMBRO INFERIOR,ECO,ECOGRAFIA,ECO_ECOGRAFIA,Ecografía,False,False,False,False,base_no_separada
Prácticas-Ecografías.xls,Practicas,38,900022,ECOGRAFIA DE PARTES BLANDAS,ECOGRAFIA DE PARTES BLANDAS,ECO,ECOGRAFIA,ECO_ECOGRAFIA,Ecografía,False,False,False,False,base_no_separada
Prácticas-Ecografías.xls,Practicas,39,180111,ECOGRAFIA DE TESTICULOS,ECOGRAFIA DE TESTICULOS,ECO,ECOGRAFIA,ECO_ECOGRAFIA,Ecografía,False,False,False,False,base_no_separada
Prácticas-Ecografías.xls,Practicas,40,180114,ECOGRAFIA DE VEJIGA O PROSTATA CON O SIN,ECOGRAFIA DE VEJIGA O PROSTATA CON O SIN,ECO,ECOGRAFIA,ECO_ECOGRAFIA,Ecografía,False,False,False,False,base_no_separada
Prácticas-Ecografías.xls,Practicas,41,180113,"ECOGRAFIA HEPATICA, BILIAR, ESPLENICA O",ECOGRAFIA HEPATICA BILIAR ESPLENICA O,ECO,ECOGRAFIA,ECO_ECOGRAFIA,Ecografía,False,False,False,False,
Prácticas-Ecografías.xls,Practicas,42,180106,ECOGRAFIA MAMARIA UNI O BILATERAL,ECOGRAFIA MAMARIA UNI O BILATERAL,ECO,ECOGRAFIA,ECO_ECOGRAFIA,Ecografía,False,False,False,False,base_no_separada
Prácticas-Ecografías.xls,Practicas,43,180118,ECOGRAFIA PANCREATICA O SUPRARRENAL,ECOGRAFIA PANCREATICA O SUPRARRENAL,ECO,ECOGRAFIA,ECO_ECOGRAFIA,Ecografía,False,False,False,False,base_no_separada
Prácticas-Ecografías.xls,Practicas,44,900866,ECOGRAFIA PARTES BLANDAS DOS REGIONES,ECOGRAFIA PARTES BLANDAS DOS REGIONES,ECO,ECOGRAFIA,ECO_ECOGRAFIA,Ecografía,False,False,False,False,base_no_separada
Prácticas-Ecografías.xls,Practicas,45,901801,ECOGRAFIA PROSTATICA TRANSRECTAL,ECOGRAFIA PROSTATICA TRANSRECTAL,ECO,ECOGRAFIA,ECO_ECOGRAFIA,Ecografía,False,False,False,False,base_no_separada
Prácticas-Ecografías.xls,Practicas,46,901833,ECOGRAFIA PROSTATICA TRANSRECTAL RANDOMIZADA CON BIOPSIA,ECOGRAFIA PROSTATICA TRANSRECTAL RANDOMIZADA CON BIOPSIA,ECO,ECOGRAFIA,ECO_ECOGRAFIA,Ecografía,False,False,False,False,base_no_separada
Prácticas-Ecografías.xls,Practicas,47,180116,ECOGRAFIA RENAL BILATERAL,ECOGRAFIA RENAL BILATERAL,ECO,ECOGRAFIA,ECO_ECOGRAFIA,Ecografía,False,False,False,False,base_no_separada
Prácticas-Ecografías.xls,Practicas,48,180110,ECOGRAFIA TIROIDEA,ECOGRAFIA TIROIDEA,ECO,ECOGRAFIA,ECO_ECOGRAFIA,Ecografía,False,False,False,False,base_no_separada
Prácticas-Ecografías.xls,Practicas,49,180104,ECOGRAFIA TOCOGINECOLOGICA,ECOGRAFIA TOCOGINECOLOGICA,ECO,ECOGRAFIA,ECO_ECOGRAFIA,Ecografía,False,False,False,False,base_no_separada
Prácticas-Ecografías.xls,Practicas,50,900043,ECOGRAFIA TRANSESOFAGICA,ECOGRAFIA TRANSESOFAGICA,ECO,ECOGRAFIA,ECO_ECOGRAFIA,Ecografía,False,False,False,False,base_no_separada
Prácticas-Ecografías.xls,Practicas,51,900689,ECOGRAFIA TRANSESOFAGICA CON PASO DE BURBUJAS,ECOGRAFIA TRANSESOFAGICA CON PASO DE BURBUJAS,ECO,ECOGRAFIA,ECO_ECOGRAFIA,Ecografía,False,False,False,False,base_no_separada
Prácticas-Ecografías.xls,Practicas,52,900667,ECOGRAFIA TRANSESOFAGICA CON SEDACION,ECOGRAFIA TRANSESOFAGICA CON SEDACION,ECO,ECOGRAFIA,ECO_ECOGRAFIA,Ecografía,False,False,False,False,base_no_separada
Prácticas-Ecografías.xls,Practicas,53,900023,ECOGRAFIA TRANSVAGINAL SIN BIOPSIA,ECOGRAFIA TRANSVAGINAL SIN BIOPSIA,ECO,ECOGRAFIA,ECO_ECOGRAFIA,Ecografía,False,False,False,False,base_no_separada
Prácticas-Ecografías.xls,Practicas,54,900653,ELASTOGRAFIA HEPATICA,ELASTOGRAFIA HEPATICA,ECO,ECOGRAFIA,ECO_ECOGRAFIA,Ecografía,False,False,False,False,base_no_separada
Prácticas-mamografías.xls,Practicas,2,340611,MAMOGRAFIA - ADICIONAL TECNICA DE EKLUND,MAMOGRAFIA - ADICIONAL TECNICA DE EKLUND,MAM,MAMOGRAFIA,MAM_MAMOGRAFIA,Mamografía,False,False,False,False,base_no_separada
Prácticas-mamografías.xls,Practicas,3,345002,MAMOGRAFIA CON MAGNIFICACION BILATERAL,MAMOGRAFIA CON MAGNIFICACION BILATERAL,MAM,MAMOGRAFIA,MAM_MAMOGRAFIA,Mamografía,False,False,False,False,base_no_separada
Prácticas-mamografías.xls,Practicas,4,345001,MAMOGRAFIA CON MAGNIFICACION UNILATERAL,MAMOGRAFIA CON MAGNIFICACION UNILATERAL,MAM,MAMOGRAFIA,MAM_MAMOGRAFIA,Mamografía,False,False,False,False,base_no_separada
Prácticas-mamografías.xls,Practicas,5,340602,MAMOGRAFIA PROYECCION AXILAR,MAMOGRAFIA PROYECCION AXILAR,MAM,MAMOGRAFIA,MAM_MAMOGRAFIA,Mamografía,False,False,False,False,base_no_separada
Prácticas-mamografías.xls,Practicas,6,340601,MAMOGRAFIA SENOGRAFIA,MAMOGRAFIA SENOGRAFIA,MAM,MAMOGRAFIA,MAM_MAMOGRAFIA,Mamografía,False,False,False,False,base_no_separada
Prácticas-mamografías.xls,Practicas,7,341101,MARCACION MAMARIA PREQUIRURGICA,MARCACION MAMARIA PREQUIRURGICA,MAM,MAMOGRAFIA,MAM_MAMOGRAFIA,Mamografía,False,False,False,False,base_no_separada
Prácticas-radiología.xls,Practicas,2,340507,CISTOURETROGRAFIA MICCIONAL - CISTOURE,CISTOURETROGRAFIA MICCIONAL - CISTOURE,RAD,RADIOGRAFIA,RAD_RADIOGRAFIA,Radiografía,False,False,False,False,base_no_separada
Prácticas-radiología.xls,Practicas,3,340412,"COLON P/ENEMA, EVACUADO Y DOBLE CONTRAS-",COLON P/ENEMA EVACUADO Y DOBLE CONTRAS-,RAD,RADIOGRAFIA,RAD_RADIOGRAFIA,Radiografía,False,False,False,False,
Prácticas-radiología.xls,Practicas,4,340604,HISTEROSALPINGOGRAFIA C/PRUEBA DE COTTE,HISTEROSALPINGOGRAFIA C/PRUEBA DE COTTE,RAD,RADIOGRAFIA,RAD_RADIOGRAFIA,Radiografía,False,False,False,False,base_no_separada
Prácticas-radiología.xls,Practicas,6,340103,RADIOSCOP.C/CIRCUITO CERRADO DE TV.,RADIOSCOP C/CIRCUITO CERRADO DE TV,RAD,RADIOGRAFIA,RAD_RADIOGRAFIA,Radiografía,False,False,False,False,
Prácticas-radiología.xls,Practicas,7,340422,RX ABDOMEN SUBSIGUIENTE,RX ABDOMEN SUBSIGUIENTE,RAD,RADIOGRAFIA,RAD_RADIOGRAFIA,Radiografía,False,False,False,False,base_no_separada
Prácticas-radiología.xls,Practicas,8,340234,RX BRAZOS + SUBSIGUIENTE (340213),RX BRAZOS + SUBSIGUIENTE (340213),RAD,RADIOGRAFIA,RAD_RADIOGRAFIA,Radiografía,False,False,False,False,base_no_separada
Prácticas-radiología.xls,Practicas,9,340213,"RX CODO,ANTEBRAZO,MUNECA,MANO, DEDOS, RODILLA, PIERNA, TOBILLO Y PIE (dos por placa)",RX CODO ANTEBRAZO MUNECA MANO DEDOS RODILLA PIERNA TOBILLO Y PIE (DOS POR PLACA),RAD,RADIOGRAFIA,RAD_RADIOGRAFIA,Radiografía,False,False,False,False,
Prácticas-radiología.xls,Practicas,10,340209,RX COLUMNA,RX COLUMNA,RAD,RADIOGRAFIA,RAD_RADIOGRAFIA,Radiografía,False,False,False,False,base_no_separada
Prácticas-radiología.xls,Practicas,11,340201,RX CRANEO,RX CRANEO,RAD,RADIOGRAFIA,RAD_RADIOGRAFIA,Radiografía,False,False,False,False,base_no_separada
Prácticas-radiología.xls,Practicas,12,340421,RX DE ABDOMEN,RX DE ABDOMEN,RAD,RADIOGRAFIA,RAD_RADIOGRAFIA,Radiografía,False,False,False,False,base_no_separada
Prácticas-radiología.xls,Practicas,13,340236,RX MANO + SUBSIGUIENTE (340213),RX MANO + SUBSIGUIENTE (340213),RAD,RADIOGRAFIA,RAD_RADIOGRAFIA,Radiografía,False,False,False,False,base_no_separada
Prácticas-radiología.xls,Practicas,14,340238,RX PIERNA + SUBSIGUIENTE (340213),RX PIERNA + SUBSIGUIENTE (340213),RAD,RADIOGRAFIA,RAD_RADIOGRAFIA,Radiografía,False,False,False,False,base_no_separada
Prácticas-radiología.xls,Practicas,15,340240,RX RODILLA + SUBSIGUIENTE (340213),RX RODILLA + SUBSIGUIENTE (340213),RAD,RADIOGRAFIA,RAD_RADIOGRAFIA,Radiografía,False,False,False,False,base_no_separada
Prácticas-radiología.xls,Practicas,16,340501,RX SIMPLE ARBOL URINARIO,RX SIMPLE ARBOL URINARIO,RAD,RADIOGRAFIA,RAD_RADIOGRAFIA,Radiografía,False,False,False,False,base_no_separada
Prácticas-radiología.xls,Practicas,17,340210,RX SUBSIG. COLUMNA (340210),RX SUBSIG COLUMNA (340210),RAD,RADIOGRAFIA,RAD_RADIOGRAFIA,Radiografía,False,False,False,False,
Prácticas-radiología.xls,Practicas,18,340202,RX SUBSIG. DE CRANEO,RX SUBSIG DE CRANEO,RAD,RADIOGRAFIA,RAD_RADIOGRAFIA,Radiografía,False,False,False,False,
Prácticas-radiología.xls,Practicas,19,340302,RX SUBSIG. DE TORAX,RX SUBSIG DE TORAX,RAD,RADIOGRAFIA,RAD_RADIOGRAFIA,Radiografía,False,False,False,False,
Prácticas-radiología.xls,Practicas,20,340212,RX SUBSIG.(de codigo 340211),RX SUBSIG (DE CODIGO 340211),RAD,RADIOGRAFIA,RAD_RADIOGRAFIA,Radiografía,False,False,False,False,
Prácticas-radiología.xls,Practicas,21,340237,RX TOBILLO + SUBSIGUIENTE (340213),RX TOBILLO + SUBSIGUIENTE (340213),RAD,RADIOGRAFIA,RAD_RADIOGRAFIA,Radiografía,False,False,False,False,base_no_separada
Prácticas-radiología.xls,Practicas,22,340249,RX. MUNECA + SUBSIGUIENTE (340213),RX MUNECA + SUBSIGUIENTE (340213),RAD,RADIOGRAFIA,RAD_RADIOGRAFIA,Radiografía,False,False,False,False,
Prácticas-radiología.xls,Practicas,23,340247,RX. PIE + SUBSIGUIENTE (340213),RX PIE + SUBSIGUIENTE (340213),RAD,RADIOGRAFIA,RAD_RADIOGRAFIA,Radiografía,False,False,False,False,
Prácticas-radiología.xls,Practicas,24,340301,RX. TORAX,RX TORAX,RAD,RADIOGRAFIA,RAD_RADIOGRAFIA,Radiografía,False,False,False,False,
Prácticas-radiología.xls,Practicas,25,340211,"RX.HOMBRO,HUMERO,PELVIS,CADERA,FEMUR. (primera exposicion)",RX HOMBRO HUMERO PELVIS CADERA FEMUR (PRIMERA EXPOSICION),RAD,RADIOGRAFIA,RAD_RADIOGRAFIA,Radiografía,False,False,False,False,
Prácticas-radiología.xls,Practicas,26,340405,SERIADA ESOFAGOGASTRODUODENAL,SERIADA ESOFAGOGASTRODUODENAL,RAD,RADIOGRAFIA,RAD_RADIOGRAFIA,Radiografía,False,False,False,False,base_no_separada
Prácticas-radiología.xls,Practicas,27,170119,TILT TEST,TILT TEST,RAD,RADIOGRAFIA,RAD_RADIOGRAFIA,Radiografía,False,False,False,False,base_no_separada
Prácticas-radiología.xls,Practicas,28,340407,TRANSITO DE INTESTINO DELGADO O DE COLON,TRANSITO DE INTESTINO DELGADO O DE COLON,RAD,RADIOGRAFIA,RAD_RADIOGRAFIA,Radiografía,False,False,False,False,base_no_separada
Prácticas-radiología.xls,Practicas,29,340502,UROGRAMA EXCRET.PIELOGR.DESC.P/EST.,UROGRAMA EXCRET PIELOGR DESC P/EST,RAD,RADIOGRAFIA,RAD_RADIOGRAFIA,Radiografía,False,False,False,False,
Prácticas-radiología.xls,Practicas,30,340503,"UROGRAMA EXCRETOR CON ESTUDIO VESICAL,",UROGRAMA EXCRETOR CON ESTUDIO VESICAL,RAD,RADIOGRAFIA,RAD_RADIOGRAFIA,Radiografía,False,False,False,False,
Prácticas-radiología.xls,Practicas,31,900163,VIDEODEGLUCION,VIDEODEGLUCION,RAD,RADIOGRAFIA,RAD_RADIOGRAFIA,Radiografía,False,False,False,False,base_no_separada
Prácticas-Resonancias.xls,Practicas,29,900332,ANGIORES.ARTER.SUBCL.Y VASOS DIST.M.SUP.,ANGIORES ARTER SUBCL Y VASOS DIST M SUP,RES,ANGIO,RES_ANGIO,Resonancia Angio,True,False,False,False,angio_sin_contraste_explicito
Prácticas-Resonancias.xls,Practicas,30,900330,ANGIORES.BY PASS AXILOFEMORAL C/GADOLINO,ANGIORES BY PASS AXILOFEMORAL C/GADOLINO,RES,ANGIO,RES_ANGIO,Resonancia Angio,True,False,False,False,angio_sin_contraste_explicito
Prácticas-Resonancias.xls,Practicas,31,900329,ANGIORES.BY PASS FEMOROPOPLITEO C/GADOLI,ANGIORES BY PASS FEMOROPOPLITEO C/GADOLI,RES,ANGIO,RES_ANGIO,Resonancia Angio,True,False,False,False,angio_sin_contraste_explicito
Prácticas-Resonancias.xls,Practicas,32,900314,ANGIORESON.DEL ENDOCRANEO S/CONTRASTE,ANGIORESON DEL ENDOCRANEO S/CONTRASTE,RES,ANGIO,RES_ANGIO,Resonancia Angio,True,False,False,False,angio_sin_contraste_explicito
Prácticas-Resonancias.xls,Practicas,33,900331,ANGIORESONAN. BY PASS OTROS,ANGIORESONAN BY PASS OTROS,RES,ANGIO,RES_ANGIO,Resonancia Angio,True,False,False,False,angio_sin_contraste_explicito
Prácticas-Resonancias.xls,Practicas,34,900333,ANGIORESONAN. VENAS ESPERMATICAS,ANGIORESONAN VENAS ESPERMATICAS,RES,ANGIO,RES_ANGIO,Resonancia Angio,True,False,False,False,angio_sin_contraste_explicito
Prácticas-Resonancias.xls,Practicas,35,901228,ANGIORESONANCIA 3D DE AORTA ABDOMINAL Y,ANGIORESONANCIA 3D DE AORTA ABDOMINAL Y,RES,ANGIO,RES_ANGIO,Resonancia Angio,True,False,False,False,angio_sin_contraste_explicito;base_no_separada
Prácticas-Resonancias.xls,Practicas,36,900316,ANGIORESONANCIA AORTA ASCENDENTE C/GADOL,ANGIORESONANCIA AORTA ASCENDENTE C/GADOL,RES,ANGIO,RES_ANGIO,Resonancia Angio,True,False,False,False,angio_sin_contraste_explicito;base_no_separada
Prácticas-Resonancias.xls,Practicas,37,900317,ANGIORESONANCIA AORTA DESCENDENTE C/GADO,ANGIORESONANCIA AORTA DESCENDENTE C/GADO,RES,ANGIO,RES_ANGIO,Resonancia Angio,True,False,False,False,angio_sin_contraste_explicito;base_no_separada
Prácticas-Resonancias.xls,Practicas,38,900319,ANGIORESONANCIA AORTA TORACICA,ANGIORESONANCIA AORTA TORACICA,RES,ANGIO,RES_ANGIO,Resonancia Angio,True,False,False,False,angio_sin_contraste_explicito;base_no_separada
Prácticas-Resonancias.xls,Practicas,39,900327,ANGIORESONANCIA ARTERIAS M.INFERIOR C/GA,ANGIORESONANCIA ARTERIAS M INFERIOR C/GA,RES,ANGIO,RES_ANGIO,Resonancia Angio,True,False,False,False,angio_sin_contraste_explicito
Prácticas-Resonancias.xls,Practicas,40,900321,ANGIORESONANCIA ARTERIAS RENALES C/GADO,ANGIORESONANCIA ARTERIAS RENALES C/GADO,RES,ANGIO,RES_ANGIO,Resonancia Angio,True,False,False,False,angio_sin_contraste_explicito;base_no_separada
Prácticas-Resonancias.xls,Practicas,41,901229,ANGIORESONANCIA DE ARTERIA PULMONAR Y AM,ANGIORESONANCIA DE ARTERIA PULMONAR Y AM,RES,ANGIO,RES_ANGIO,Resonancia Angio,True,False,False,False,angio_sin_contraste_explicito;base_no_separada
Prácticas-Resonancias.xls,Practicas,42,901230,ANGIORESONANCIA DE EJE ESPLENO PORTAL,ANGIORESONANCIA DE EJE ESPLENO PORTAL,RES,ANGIO,RES_ANGIO,Resonancia Angio,True,False,False,False,angio_sin_contraste_explicito;base_no_separada
Prácticas-Resonancias.xls,Practicas,43,900318,ANGIORESONANCIA DEL CAYADO AORTICO C/GAD,ANGIORESONANCIA DEL CAYADO AORTICO C/GAD,RES,ANGIO,RES_ANGIO,Resonancia Angio,True,False,False,False,angio_sin_contraste_explicito;base_no_separada
Prácticas-Resonancias.xls,Practicas,44,900322,ANGIORESONANCIA TRONCO CELIACO Y MESENTE,ANGIORESONANCIA TRONCO CELIACO Y MESENTE,RES,ANGIO,RES_ANGIO,Resonancia Angio,True,False,False,False,angio_sin_contraste_explicito;base_no_separada
Prácticas-Resonancias.xls,Practicas,45,900323,ANGIORESONANCIA VARICES ESOFAGICAS,ANGIORESONANCIA VARICES ESOFAGICAS,RES,ANGIO,RES_ANGIO,Resonancia Angio,True,False,False,False,angio_sin_contraste_explicito;base_no_separada
Prácticas-Resonancias.xls,Practicas,46,900315,ANGIORESONANCIA VASOS DE CUELLO SIN GADO,ANGIORESONANCIA VASOS DE CUELLO SIN GADO,RES,ANGIO,RES_ANGIO,Resonancia Angio,True,False,False,False,angio_sin_contraste_explicito;base_no_separada
Prácticas-Resonancias.xls,Practicas,47,900326,ANGIORESONANCIA VASOS ILIACOS C/GADOLINO,ANGIORESONANCIA VASOS ILIACOS C/GADOLINO,RES,ANGIO,RES_ANGIO,Resonancia Angio,True,False,False,False,angio_sin_contraste_explicito;base_no_separada
Prácticas-Resonancias.xls,Practicas,48,900260,ANGIORESONANCIA VENA CAVA INFERIOR,ANGIORESONANCIA VENA CAVA INFERIOR,RES,ANGIO,RES_ANGIO,Resonancia Angio,True,False,False,False,angio_sin_contraste_explicito;base_no_separada
Prácticas-Resonancias.xls,Practicas,49,900325,ANGIORESONANCIA VENAS SUPRAHEPATICAS,ANGIORESONANCIA VENAS SUPRAHEPATICAS,RES,ANGIO,RES_ANGIO,Resonancia Angio,True,False,False,False,angio_sin_contraste_explicito;base_no_separada
Prácticas-Resonancias.xls,Practicas,50,900423,ANGIORRESONANCIA CON CONTRASTE,ANGIORRESONANCIA,RES,ANGIO,RES_ANGIO,Resonancia Angio,True,True,False,False,
Prácticas-Resonancias.xls,Practicas,52,900346,COLANGIORESONANCIA,COLANGIORESONANCIA,RES,ANGIO,RES_ANGIO,Resonancia Angio,False,False,False,False,base_no_separada
Prácticas-Resonancias.xls,Practicas,27,160101,ANESTESIA MINIMA,ANESTESIA MINIMA,RES,SIMPLE,RES_SIMPLE,Resonancia simple,False,False,False,False,base_no_separada
Prácticas-Resonancias.xls,Practicas,28,901601,ANESTESIA PARA RMN,ANESTESIA PARA RMN,RES,SIMPLE,RES_SIMPLE,Resonancia simple,False,False,False,False,base_no_separada
Prácticas-Resonancias.xls,Practicas,51,900381,ARTRORESONANCIA C/INYECCION DE GADOLINIO,ARTRORESONANCIA C/INYECCION DE GADOLINIO,RES,SIMPLE,RES_SIMPLE,Resonancia simple,False,False,False,False,base_no_separada
Prácticas-Resonancias.xls,Practicas,53,3008409,DEXAMETASONA EV,DEXAMETASONA EV,RES,SIMPLE,RES_SIMPLE,Resonancia simple,False,False,False,False,base_no_separada
Prácticas-Resonancias.xls,Practicas,54,3008338,DIFENHIDRAMINA,DIFENHIDRAMINA,RES,SIMPLE,RES_SIMPLE,Resonancia simple,False,False,False,False,base_no_separada
Prácticas-Resonancias.xls,Practicas,55,900427,ENTERORESONANCIA,ENTERORESONANCIA,RES,SIMPLE,RES_SIMPLE,Resonancia simple,False,False,False,False,base_no_separada
Prácticas-Resonancias.xls,Practicas,56,900275,FLEBORESONANCIA,FLEBORESONANCIA,RES,SIMPLE,RES_SIMPLE,Resonancia simple,False,False,False,False,base_no_separada
Prácticas-Resonancias.xls,Practicas,57,3008974,GADOBUTROL gadovist7.5 ml,GADOBUTROL GADOVIST7 5 ML,RES,SIMPLE,RES_SIMPLE,Resonancia simple,False,False,False,False,
Prácticas-Resonancias.xls,Practicas,58,3008975,GADOPENTATO DE DIMEGLUMINA,GADOPENTATO DE DIMEGLUMINA,RES,SIMPLE,RES_SIMPLE,Resonancia simple,False,False,False,False,base_no_separada
Prácticas-Resonancias.xls,Practicas,59,3008569,LIDOCAINA 2%,LIDOCAINA 2,RES,SIMPLE,RES_SIMPLE,Resonancia simple,False,False,False,False,
Prácticas-Resonancias.xls,Practicas,60,901224,RMN 3D DE REGION PARASELAR Y GLANDULA HIPOFISARIA,RMN 3D DE REGION PARASELAR Y GLANDULA HIPOFISARIA,RES,SIMPLE,RES_SIMPLE,Resonancia simple,False,False,False,False,base_no_separada
Prácticas-Resonancias.xls,Practicas,61,901223,RMN 3D DE TRIGEMINO,RMN 3D DE TRIGEMINO,RES,SIMPLE,RES_SIMPLE,Resonancia simple,False,False,False,False,base_no_separada
Prácticas-Resonancias.xls,Practicas,62,900287,RMN ABDOMEN,RMN ABDOMEN,RES,SIMPLE,RES_SIMPLE,Resonancia simple,False,False,False,False,base_no_separada
Prácticas-Resonancias.xls,Practicas,63,900281,RMN ANTEBRAZO,RMN ANTEBRAZO,RES,SIMPLE,RES_SIMPLE,Resonancia simple,False,False,False,False,base_no_separada
Prácticas-Resonancias.xls,Practicas,64,900254,RMN ARTICULACION TEMPOROMANDIBULAR,RMN ARTICULACION TEMPOROMANDIBULAR,RES,SIMPLE,RES_SIMPLE,Resonancia simple,False,False,False,False,base_no_separada
Prácticas-Resonancias.xls,Practicas,65,900337,RMN BRAZO,RMN BRAZO,RES,SIMPLE,RES_SIMPLE,Resonancia simple,False,False,False,False,base_no_separada
Prácticas-Resonancias.xls,Practicas,66,900301,RMN CADERA,RMN CADERA,RES,SIMPLE,RES_SIMPLE,Resonancia simple,False,False,False,False,base_no_separada
Prácticas-Resonancias.xls,Practicas,67,900428,RMN CARDIACA,RMN CARDIACA,RES,SIMPLE,RES_SIMPLE,Resonancia simple,False,False,False,False,base_no_separada
Prácticas-Resonancias.xls,Practicas,68,900245,RMN CEREBRO,RMN CEREBRO,RES,SIMPLE,RES_SIMPLE,Resonancia simple,False,False,False,False,base_no_separada
Prácticas-Resonancias.xls,Practicas,69,900279,RMN CODO,RMN CODO,RES,SIMPLE,RES_SIMPLE,Resonancia simple,False,False,False,False,base_no_separada
Prácticas-Resonancias.xls,Practicas,70,900262,RMN COLUMNA CERVICAL,RMN COLUMNA CERVICAL,RES,SIMPLE,RES_SIMPLE,Resonancia simple,False,False,False,False,base_no_separada
Prácticas-Resonancias.xls,Practicas,71,900265,RMN COLUMNA DORSAL,RMN COLUMNA DORSAL,RES,SIMPLE,RES_SIMPLE,Resonancia simple,False,False,False,False,base_no_separada
Prácticas-Resonancias.xls,Practicas,72,900267,RMN COLUMNA LUMBAR,RMN COLUMNA LUMBAR,RES,SIMPLE,RES_SIMPLE,Resonancia simple,False,False,False,False,base_no_separada
Prácticas-Resonancias.xls,Practicas,73,900269,RMN COLUMNA SACROCOXIGEA,RMN COLUMNA SACROCOXIGEA,RES,SIMPLE,RES_SIMPLE,Resonancia simple,False,False,False,False,base_no_separada
Prácticas-Resonancias.xls,Practicas,74,901236,RMN CONDUCTO AUDITIVO INTERNO,RMN CONDUCTO AUDITIVO INTERNO,RES,SIMPLE,RES_SIMPLE,Resonancia simple,False,False,False,False,base_no_separada
Prácticas-Resonancias.xls,Practicas,75,900261,RMN CUELLO,RMN CUELLO,RES,SIMPLE,RES_SIMPLE,Resonancia simple,False,False,False,False,base_no_separada
Prácticas-Resonancias.xls,Practicas,76,900299,RMN CUERPOS CAVERNOSOS,RMN CUERPOS CAVERNOSOS,RES,SIMPLE,RES_SIMPLE,Resonancia simple,False,False,False,False,base_no_separada
Prácticas-Resonancias.xls,Practicas,77,900293,RMN DEL EMBARAZO,RMN DEL EMBARAZO,RES,SIMPLE,RES_SIMPLE,Resonancia simple,False,False,False,False,base_no_separada
Prácticas-Resonancias.xls,Practicas,78,900312,RMN DIFUSION,RMN,RES,SIMPLE,RES_SIMPLE,Resonancia simple,False,False,False,True,
Prácticas-Resonancias.xls,Practicas,79,900404,RMN DINAMICA DEL LCR,RMN DINAMICA DEL LCR,RES,SIMPLE,RES_SIMPLE,Resonancia simple,False,False,False,False,base_no_separada
Prácticas-Resonancias.xls,Practicas,80,900274,RMN FOSA POSTERIOR,RMN FOSA POSTERIOR,RES,SIMPLE,RES_SIMPLE,Resonancia simple,False,False,False,False,base_no_separada
Prácticas-Resonancias.xls,Practicas,81,900405,RMN FUNCIONAL ACTIVADOR CEREBRAL,RMN FUNCIONAL ACTIVADOR CEREBRAL,RES,SIMPLE,RES_SIMPLE,Resonancia simple,False,False,False,False,base_no_separada
Prácticas-Resonancias.xls,Practicas,82,900257,RMN GLANDULAS SALIVALES,RMN GLANDULAS SALIVALES,RES,SIMPLE,RES_SIMPLE,Resonancia simple,False,False,False,False,base_no_separada
Prácticas-Resonancias.xls,Practicas,83,342038,RMN HEPATOBILIAR ESPLENICA PANCREATICA,RMN HEPATOBILIAR ESPLENICA PANCREATICA,RES,SIMPLE,RES_SIMPLE,Resonancia simple,False,False,False,False,base_no_separada
Prácticas-Resonancias.xls,Practicas,84,900335,RMN HOMBRO,RMN HOMBRO,RES,SIMPLE,RES_SIMPLE,Resonancia simple,False,False,False,False,base_no_separada
Prácticas-Resonancias.xls,Practicas,85,900426,RMN LINFOGRAFIA,RMN LINFOGRAFIA,RES,SIMPLE,RES_SIMPLE,Resonancia simple,False,False,False,False,base_no_separada
Prácticas-Resonancias.xls,Practicas,86,900253,RMN LOBULO TEMPORAL,RMN LOBULO TEMPORAL,RES,SIMPLE,RES_SIMPLE,Resonancia simple,False,False,False,False,base_no_separada
Prácticas-Resonancias.xls,Practicas,87,900259,RMN MACIZO FACIAL,RMN MACIZO FACIAL,RES,SIMPLE,RES_SIMPLE,Resonancia simple,False,False,False,False,base_no_separada
Prácticas-Resonancias.xls,Practicas,88,900288,RMN MAMARIA,RMN MAMARIA,RES,SIMPLE,RES_SIMPLE,Resonancia simple,False,False,False,False,base_no_separada
Prácticas-Resonancias.xls,Practicas,89,900285,RMN MANO,RMN MANO,RES,SIMPLE,RES_SIMPLE,Resonancia simple,False,False,False,False,base_no_separada
Prácticas-Resonancias.xls,Practicas,90,900425,RMN MIELOGRAFIA,RMN MIELOGRAFIA,RES,SIMPLE,RES_SIMPLE,Resonancia simple,False,False,False,False,base_no_separada
Prácticas-Resonancias.xls,Practicas,91,900283,RMN MUNECA,RMN MUNECA,RES,SIMPLE,RES_SIMPLE,Resonancia simple,False,False,False,False,base_no_separada
Prácticas-Resonancias.xls,Practicas,92,900303,RMN MUSLO,RMN MUSLO,RES,SIMPLE,RES_SIMPLE,Resonancia simple,False,False,False,False,base_no_separada
Prácticas-Resonancias.xls,Practicas,93,900251,RMN ORBITAS,RMN ORBITAS,RES,SIMPLE,RES_SIMPLE,Resonancia simple,False,False,False,False,base_no_separada
Prácticas-Resonancias.xls,Practicas,94,900291,RMN PELVIS,RMN PELVIS,RES,SIMPLE,RES_SIMPLE,Resonancia simple,False,False,False,False,base_no_separada
Prácticas-Resonancias.xls,Practicas,95,900488,RMN PELVIS DE ALTA RESOLUCION,RMN PELVIS DE ALTA RESOLUCION,RES,SIMPLE,RES_SIMPLE,Resonancia simple,False,False,False,False,base_no_separada
Prácticas-Resonancias.xls,Practicas,96,900407,RMN PERFUSION,RMN PERFUSION,RES,SIMPLE,RES_SIMPLE,Resonancia simple,False,False,False,False,base_no_separada
Prácticas-Resonancias.xls,Practicas,97,900311,RMN PIE,RMN PIE,RES,SIMPLE,RES_SIMPLE,Resonancia simple,False,False,False,False,base_no_separada
Prácticas-Resonancias.xls,Practicas,98,900307,RMN PIERNA,RMN PIERNA,RES,SIMPLE,RES_SIMPLE,Resonancia simple,False,False,False,False,base_no_separada
Prácticas-Resonancias.xls,Practicas,99,900424,RMN PISO PELVIANO (DEFECOGRAFIA),RMN PISO PELVIANO (DEFECOGRAFIA),RES,SIMPLE,RES_SIMPLE,Resonancia simple,False,False,False,False,base_no_separada
Prácticas-Resonancias.xls,Practicas,100,900417,RMN PLEXO BRAQUIAL,RMN PLEXO BRAQUIAL,RES,SIMPLE,RES_SIMPLE,Resonancia simple,False,False,False,False,base_no_separada
Prácticas-Resonancias.xls,Practicas,101,900421,RMN PROSTATA,RMN PROSTATA,RES,SIMPLE,RES_SIMPLE,Resonancia simple,False,False,False,False,base_no_separada
Prácticas-Resonancias.xls,Practicas,102,900420,RMN RECTAL,RMN RECTAL,RES,SIMPLE,RES_SIMPLE,Resonancia simple,False,False,False,False,base_no_separada
Prácticas-Resonancias.xls,Practicas,103,900295,RMN RETROPERITONEO,RMN RETROPERITONEO,RES,SIMPLE,RES_SIMPLE,Resonancia simple,False,False,False,False,base_no_separada
Prácticas-Resonancias.xls,Practicas,104,900305,RMN RODILLA,RMN RODILLA,RES,SIMPLE,RES_SIMPLE,Resonancia simple,False,False,False,False,base_no_separada
Prácticas-Resonancias.xls,Practicas,105,900248,RMN SILLA TURCA,RMN SILLA TURCA,RES,SIMPLE,RES_SIMPLE,Resonancia simple,False,False,False,False,base_no_separada
Prácticas-Resonancias.xls,Practicas,106,900419,RMN SISTEMA NERVIOSO PERIFERICO (NEUROGR,RMN SISTEMA NERVIOSO PERIFERICO (NEUROGR,RES,SIMPLE,RES_SIMPLE,Resonancia simple,False,False,False,False,base_no_separada
Prácticas-Resonancias.xls,Practicas,107,900297,RMN TESTICULAR,RMN TESTICULAR,RES,SIMPLE,RES_SIMPLE,Resonancia simple,False,False,False,False,base_no_separada
Prácticas-Resonancias.xls,Practicas,108,342005,RMN TIROIDEA,RMN TIROIDEA,RES,SIMPLE,RES_SIMPLE,Resonancia simple,False,False,False,False,base_no_separada
Prácticas-Resonancias.xls,Practicas,109,900309,RMN TOBILLO,RMN TOBILLO,RES,SIMPLE,RES_SIMPLE,Resonancia simple,False,False,False,False,base_no_separada
Prácticas-Resonancias.xls,Practicas,110,900271,RMN TORAX (MEDIASTINO),RMN TORAX (MEDIASTINO),RES,SIMPLE,RES_SIMPLE,Resonancia simple,False,False,False,False,base_no_separada
Prácticas-Resonancias.xls,Practicas,111,900273,RMN TORAX (PULMON),RMN TORAX (PULMON),RES,SIMPLE,RES_SIMPLE,Resonancia simple,False,False,False,False,base_no_separada
Prácticas-Resonancias.xls,Practicas,112,3006820,SOL.FISIOLOGICA 250cc,SOL FISIOLOGICA 250CC,RES,SIMPLE,RES_SIMPLE,Resonancia simple,False,False,False,False,
Prácticas-Resonancias.xls,Practicas,113,900355,SUSTANCIA DE CONTRASTE,SUSTANCIA DE CONTRASTE,RES,SIMPLE,RES_SIMPLE,Resonancia simple,False,False,False,False,base_no_separada
Prácticas-Resonancias.xls,Practicas,114,900185,URORESONANCIA UNA REGION,URORESONANCIA UNA REGION,RES,SIMPLE,RES_SIMPLE,Resonancia simple,False,False,False,False,base_no_separada
Prácticas-Tomografías.xls,Practicas,4,901322,ANGIOTAC OTROS ORGANOS CON CONTRASTE,ANGIOTAC OTROS ORGANOS,TOM,ANGIO,TOM_ANGIO,Tomografía Angio,True,True,False,False,
Prácticas-Tomografías.xls,Practicas,5,901323,ANGIOTAC OTROS ORGANOS SIN CONTRASTE,ANGIOTAC OTROS ORGANOS,TOM,ANGIO,TOM_ANGIO,Tomografía Angio,True,False,True,False,angio_con_sin_contraste_incompatible
Prácticas-Tomografías.xls,Practicas,6,901311,ANGIOTOMOGRAFIA ABDOMINAL,ANGIOTOMOGRAFIA ABDOMINAL,TOM,ANGIO,TOM_ANGIO,Tomografía Angio,True,False,False,False,angio_sin_contraste_explicito;base_no_separada
Prácticas-Tomografías.xls,Practicas,7,900166,ANGIOTOMOGRAFIA AORTA ABDOMINAL,ANGIOTOMOGRAFIA AORTA ABDOMINAL,TOM,ANGIO,TOM_ANGIO,Tomografía Angio,True,False,False,False,angio_sin_contraste_explicito;base_no_separada
Prácticas-Tomografías.xls,Practicas,8,900913,ANGIOTOMOGRAFIA ARTERIAL CON RECONSTRUCC,ANGIOTOMOGRAFIA ARTERIAL CON RECONSTRUCC,TOM,ANGIO,TOM_ANGIO,Tomografía Angio,True,False,False,False,angio_sin_contraste_explicito;base_no_separada
Prácticas-Tomografías.xls,Practicas,9,902225,ANGIOTOMOGRAFIA CARDIACA,ANGIOTOMOGRAFIA CARDIACA,TOM,ANGIO,TOM_ANGIO,Tomografía Angio,True,False,False,False,angio_sin_contraste_explicito;base_no_separada
Prácticas-Tomografías.xls,Practicas,10,901233,ANGIOTOMOGRAFIA CORONARIA,ANGIOTOMOGRAFIA CORONARIA,TOM,ANGIO,TOM_ANGIO,Tomografía Angio,True,False,False,False,angio_sin_contraste_explicito;base_no_separada
Prácticas-Tomografías.xls,Practicas,11,901234,ANGIOTOMOGRAFIA DE CEREBRO,ANGIOTOMOGRAFIA DE CEREBRO,TOM,ANGIO,TOM_ANGIO,Tomografía Angio,True,False,False,False,angio_sin_contraste_explicito;base_no_separada
Prácticas-Tomografías.xls,Practicas,12,901235,ANGIOTOMOGRAFIA DE CUELLO,ANGIOTOMOGRAFIA DE CUELLO,TOM,ANGIO,TOM_ANGIO,Tomografía Angio,True,False,False,False,angio_sin_contraste_explicito;base_no_separada
Prácticas-Tomografías.xls,Practicas,13,901237,ANGIOTOMOGRAFIA DE CUERPO ENTERO,ANGIOTOMOGRAFIA DE CUERPO ENTERO,TOM,ANGIO,TOM_ANGIO,Tomografía Angio,True,False,False,False,angio_sin_contraste_explicito;base_no_separada
Prácticas-Tomografías.xls,Practicas,14,901238,ANGIOTOMOGRAFIA DE MIEMBROS INFERIORES,ANGIOTOMOGRAFIA DE MIEMBROS INFERIORES,TOM,ANGIO,TOM_ANGIO,Tomografía Angio,True,False,False,False,angio_sin_contraste_explicito;base_no_separada
Prácticas-Tomografías.xls,Practicas,15,901239,ANGIOTOMOGRAFIA DE MIEMBROS SUPERIORES,ANGIOTOMOGRAFIA DE MIEMBROS SUPERIORES,TOM,ANGIO,TOM_ANGIO,Tomografía Angio,True,False,False,False,angio_sin_contraste_explicito;base_no_separada
Prácticas-Tomografías.xls,Practicas,16,901312,ANGIOTOMOGRAFIA DE VASOS CRANEALES,ANGIOTOMOGRAFIA DE VASOS CRANEALES,TOM,ANGIO,TOM_ANGIO,Tomografía Angio,True,False,False,False,angio_sin_contraste_explicito;base_no_separada
Prácticas-Tomografías.xls,Practicas,17,900167,ANGIOTOMOGRAFIA DE VASOS ILIACOS 3D,ANGIOTOMOGRAFIA DE VASOS ILIACOS 3D,TOM,ANGIO,TOM_ANGIO,Tomografía Angio,True,False,False,False,angio_sin_contraste_explicito;base_no_separada
Prácticas-Tomografías.xls,Practicas,18,902226,ANGIOTOMOGRAFIA PARA TAVI,ANGIOTOMOGRAFIA PARA TAVI,TOM,ANGIO,TOM_ANGIO,Tomografía Angio,True,False,False,False,angio_sin_contraste_explicito;base_no_separada
Prácticas-Tomografías.xls,Practicas,19,901243,ANGIOTOMOGRAFIA PELVICA,ANGIOTOMOGRAFIA PELVICA,TOM,ANGIO,TOM_ANGIO,Tomografía Angio,True,False,False,False,angio_sin_contraste_explicito;base_no_separada
Prácticas-Tomografías.xls,Practicas,20,900061,ANGIOTOMOGRAFIA PULMONAR,ANGIOTOMOGRAFIA PULMONAR,TOM,ANGIO,TOM_ANGIO,Tomografía Angio,True,False,False,False,angio_sin_contraste_explicito;base_no_separada
Prácticas-Tomografías.xls,Practicas,21,901310,ANGIOTOMOGRAFIA TORACICA,ANGIOTOMOGRAFIA TORACICA,TOM,ANGIO,TOM_ANGIO,Tomografía Angio,True,False,False,False,angio_sin_contraste_explicito;base_no_separada
Prácticas-Tomografías.xls,Practicas,22,901242,ANGIOTOMOGRAFIA VASOS PULMONARES,ANGIOTOMOGRAFIA VASOS PULMONARES,TOM,ANGIO,TOM_ANGIO,Tomografía Angio,True,False,False,False,angio_sin_contraste_explicito;base_no_separada
Prácticas-Tomografías.xls,Practicas,23,900914,ANGIOTOMOGRAFIA VENOSA CON RECONSTRUCCIO,ANGIOTOMOGRAFIA VENOSA CON RECONSTRUCCIO,TOM,ANGIO,TOM_ANGIO,Tomografía Angio,True,False,False,False,angio_sin_contraste_explicito;base_no_separada
Prácticas-Tomografías.xls,Practicas,65,900912,TAC ALTA RESOLUCION PULMONAR CON CTE,TAC ALTA RESOLUCION PULMONAR CON CTE,TOM,CONTRASTE,TOM_CONTRASTE,Tomografía con contraste,False,False,False,False,base_no_separada
Prácticas-Tomografías.xls,Practicas,83,900909,TAC MACIZO FACIAL CON CTE,TAC MACIZO FACIAL CON CTE,TOM,CONTRASTE,TOM_CONTRASTE,Tomografía con contraste,False,False,False,False,base_no_separada
Prácticas-Tomografías.xls,Practicas,87,900840,TAC MANO CON CTE,TAC MANO CON CTE,TOM,CONTRASTE,TOM_CONTRASTE,Tomografía con contraste,False,False,False,False,base_no_separada
Prácticas-Tomografías.xls,Practicas,94,900831,TAC ORBITAS CON CTE,TAC ORBITAS CON CTE,TOM,CONTRASTE,TOM_CONTRASTE,Tomografía con contraste,False,False,False,False,base_no_separada
Prácticas-Tomografías.xls,Practicas,95,900830,TAC ORBITAS SIN CTE,TAC ORBITAS SIN CTE,TOM,CONTRASTE,TOM_CONTRASTE,Tomografía con contraste,False,False,False,False,base_no_separada
Prácticas-Tomografías.xls,Practicas,100,900900,TAC PIE SIN CTE,TAC PIE SIN CTE,TOM,CONTRASTE,TOM_CONTRASTE,Tomografía con contraste,False,False,False,False,base_no_separada
Prácticas-Tomografías.xls,Practicas,108,900834,TAC TOBILLO CON CTE,TAC TOBILLO CON CTE,TOM,CONTRASTE,TOM_CONTRASTE,Tomografía con contraste,False,False,False,False,base_no_separada
Prácticas-Tomografías.xls,Practicas,109,900833,TAC TOBILLO SIN CTE,TAC TOBILLO SIN CTE,TOM,CONTRASTE,TOM_CONTRASTE,Tomografía con contraste,False,False,False,False,base_no_separada
Prácticas-Tomografías.xls,Practicas,116,901804,TAC VIA EXCRETORA C/CTE,TAC VIA EXCRETORA C/CTE,TOM,CONTRASTE,TOM_CONTRASTE,Tomografía con contraste,False,False,False,False,base_no_separada
Prácticas-Tomografías.xls,Practicas,24,900446,BLOQUEO FACETARIO BAJO TAC,BLOQUEO FACETARIO BAJO TAC,TOM,SIMPLE,TOM_SIMPLE,Tomografía simple,False,False,False,False,base_no_separada
Prácticas-Tomografías.xls,Practicas,25,900441,BLOQUEO PERIDURAL BAJO TAC,BLOQUEO PERIDURAL BAJO TAC,TOM,SIMPLE,TOM_SIMPLE,Tomografía simple,False,False,False,False,base_no_separada
Prácticas-Tomografías.xls,Practicas,26,900413,BLOQUEO RADICULAR BAJO TAC,BLOQUEO RADICULAR BAJO TAC,TOM,SIMPLE,TOM_SIMPLE,Tomografía simple,False,False,False,False,base_no_separada
Prácticas-Tomografías.xls,Practicas,27,341317,BLOQUEO RADICULAR Y/O FACETARIO SELECTIV,BLOQUEO RADICULAR Y/O FACETARIO SELECTIV,TOM,SIMPLE,TOM_SIMPLE,Tomografía simple,False,False,False,False,base_no_separada
Prácticas-Tomografías.xls,Practicas,28,3010000,Contraste,CONTRASTE,TOM,SIMPLE,TOM_SIMPLE,Tomografía simple,False,False,False,False,base_no_separada
Prácticas-Tomografías.xls,Practicas,29,3008977,DILTIAZEM,DILTIAZEM,TOM,SIMPLE,TOM_SIMPLE,Tomografía simple,False,False,False,False,base_no_separada
Prácticas-Tomografías.xls,Practicas,30,900082,DRENAJE PERCUTANEO BAJO TAC HELICOIDAL,DRENAJE PERCUTANEO BAJO TAC HELICOIDAL,TOM,SIMPLE,TOM_SIMPLE,Tomografía simple,False,False,False,False,base_no_separada
Prácticas-Tomografías.xls,Practicas,31,900034,DRENAJES Y/O PROCEDIMIENTOS SIMILARES BA,DRENAJES Y/O PROCEDIMIENTOS SIMILARES BA,TOM,SIMPLE,TOM_SIMPLE,Tomografía simple,False,False,False,False,base_no_separada
Prácticas-Tomografías.xls,Practicas,32,3008518,HEPARINA 5000UI X ML - fco x 10 ml,HEPARINA 5000UI X ML - FCO X 10 ML,TOM,SIMPLE,TOM_SIMPLE,Tomografía simple,False,False,False,False,base_no_separada
Prácticas-Tomografías.xls,Practicas,33,3008205,IOPAMIRON 370,IOPAMIRON 370,TOM,SIMPLE,TOM_SIMPLE,Tomografía simple,False,False,False,False,base_no_separada
Prácticas-Tomografías.xls,Practicas,34,3008849,ISOSORBIDA DINITRATO,ISOSORBIDA DINITRATO,TOM,SIMPLE,TOM_SIMPLE,Tomografía simple,False,False,False,False,base_no_separada
Prácticas-Tomografías.xls,Practicas,36,3008726,METILPREDNISOLONA 500 MG,METILPREDNISOLONA 500 MG,TOM,SIMPLE,TOM_SIMPLE,Tomografía simple,False,False,False,False,base_no_separada
Prácticas-Tomografías.xls,Practicas,37,3008469,PROPRANOLOL CLORHIDRATO INY IV,PROPRANOLOL CLORHIDRATO INY IV,TOM,SIMPLE,TOM_SIMPLE,Tomografía simple,False,False,False,False,base_no_separada
Prácticas-Tomografías.xls,Practicas,52,901244,SCORE DE CALCIO CORONARIO,SCORE DE CALCIO CORONARIO,TOM,SIMPLE,TOM_SIMPLE,Tomografía simple,False,False,False,False,base_no_separada
Prácticas-Tomografías.xls,Practicas,53,901302,TAC 3D CADERAS,TAC 3D CADERAS,TOM,SIMPLE,TOM_SIMPLE,Tomografía simple,False,False,False,False,base_no_separada
Prácticas-Tomografías.xls,Practicas,54,901300,TAC 3D COLUMNA,TAC 3D COLUMNA,TOM,SIMPLE,TOM_SIMPLE,Tomografía simple,False,False,False,False,base_no_separada
Prácticas-Tomografías.xls,Practicas,55,901301,TAC 3D MACIZO FACIAL,TAC 3D MACIZO FACIAL,TOM,SIMPLE,TOM_SIMPLE,Tomografía simple,False,False,False,False,base_no_separada
Prácticas-Tomografías.xls,Practicas,56,900832,TAC 3D ORBITAS,TAC 3D ORBITAS,TOM,SIMPLE,TOM_SIMPLE,Tomografía simple,False,False,False,False,base_no_separada
Prácticas-Tomografías.xls,Practicas,57,901303,TAC 3D RODILLA,TAC 3D RODILLA,TOM,SIMPLE,TOM_SIMPLE,Tomografía simple,False,False,False,False,base_no_separada
Prácticas-Tomografías.xls,Practicas,58,341008,TAC ABDOMEN y PELVIS (cont oral),TAC ABDOMEN Y PELVIS (CONT ORAL),TOM,SIMPLE,TOM_SIMPLE,Tomografía simple,False,False,False,False,base_no_separada
Prácticas-Tomografías.xls,Practicas,59,900908,TAC ALTA RESOLUCION AMBOS PENASCOS,TAC ALTA RESOLUCION AMBOS PENASCOS,TOM,SIMPLE,TOM_SIMPLE,Tomografía simple,False,False,False,False,base_no_separada
Prácticas-Tomografías.xls,Practicas,60,901217,TAC ALTA RESOLUCION OIDOS,TAC ALTA RESOLUCION OIDOS,TOM,SIMPLE,TOM_SIMPLE,Tomografía simple,False,False,False,False,base_no_separada
Prácticas-Tomografías.xls,Practicas,61,901218,TAC ALTA RESOLUCION OIDOS CON CONTRASTE,TAC ALTA RESOLUCION OIDOS,TOM,SIMPLE,TOM_SIMPLE,Tomografía simple,False,True,False,False,
Prácticas-Tomografías.xls,Practicas,62,901219,TAC ALTA RESOLUCION OTROS ORGANOS,TAC ALTA RESOLUCION OTROS ORGANOS,TOM,SIMPLE,TOM_SIMPLE,Tomografía simple,False,False,False,False,base_no_separada
Prácticas-Tomografías.xls,Practicas,63,901220,TAC ALTA RESOLUCION OTROS ORGANOS CON CONTRASTE,TAC ALTA RESOLUCION OTROS ORGANOS,TOM,SIMPLE,TOM_SIMPLE,Tomografía simple,False,True,False,False,
Prácticas-Tomografías.xls,Practicas,64,900911,TAC ALTA RESOLUCION PULMONAR,TAC ALTA RESOLUCION PULMONAR,TOM,SIMPLE,TOM_SIMPLE,Tomografía simple,False,False,False,False,base_no_separada
Prácticas-Tomografías.xls,Practicas,66,901215,TAC ALTA RESOLUCION TORACICA,TAC ALTA RESOLUCION TORACICA,TOM,SIMPLE,TOM_SIMPLE,Tomografía simple,False,False,False,False,base_no_separada
Prácticas-Tomografías.xls,Practicas,67,901216,TAC ALTA RESOLUCION TORACICA CON CONTRASTE,TAC ALTA RESOLUCION TORACICA,TOM,SIMPLE,TOM_SIMPLE,Tomografía simple,False,True,False,False,
Prácticas-Tomografías.xls,Practicas,68,900904,TAC CADERA,TAC CADERA,TOM,SIMPLE,TOM_SIMPLE,Tomografía simple,False,False,False,False,base_no_separada
Prácticas-Tomografías.xls,Practicas,69,341001,TAC CEREBRAL (sin contraste),TAC CEREBRAL ( ),TOM,SIMPLE,TOM_SIMPLE,Tomografía simple,False,False,True,False,
Prácticas-Tomografías.xls,Practicas,71,341002,TAC CEREBRAL REFORZADA (con contraste),TAC CEREBRAL REFORZADA ( ),TOM,SIMPLE,TOM_SIMPLE,Tomografía simple,False,True,False,False,
Prácticas-Tomografías.xls,Practicas,72,901619,TAC CODOS UNILATERAL,TAC CODOS UNILATERAL,TOM,SIMPLE,TOM_SIMPLE,Tomografía simple,False,False,False,False,base_no_separada
Prácticas-Tomografías.xls,Practicas,73,341013,TAC COLUMNA (sin contraste),TAC COLUMNA ( ),TOM,SIMPLE,TOM_SIMPLE,Tomografía simple,False,False,True,False,
Prácticas-Tomografías.xls,Practicas,74,900101,TAC DE ABDOMEN C/CONTRASTE,TAC DE ABDOMEN C/CONTRASTE,TOM,SIMPLE,TOM_SIMPLE,Tomografía simple,False,False,False,False,base_no_separada
Prácticas-Tomografías.xls,Practicas,75,341032,TAC DE PELVIS CON CONTRASTE,TAC DE PELVIS,TOM,SIMPLE,TOM_SIMPLE,Tomografía simple,False,True,False,False,
Prácticas-Tomografías.xls,Practicas,76,341014,TAC DE PELVIS SIN CONTRASTE,TAC DE PELVIS,TOM,SIMPLE,TOM_SIMPLE,Tomografía simple,False,False,True,False,
Prácticas-Tomografías.xls,Practicas,77,901211,TAC DINAMICA EN 3 FASES ARTERIALES,TAC DINAMICA EN 3 FASES ARTERIALES,TOM,SIMPLE,TOM_SIMPLE,Tomografía simple,False,False,False,False,base_no_separada
Prácticas-Tomografías.xls,Practicas,78,900903,TAC FEMUR,TAC FEMUR,TOM,SIMPLE,TOM_SIMPLE,Tomografía simple,False,False,False,False,base_no_separada
Prácticas-Tomografías.xls,Practicas,79,341007,TAC GINECOLOGICA (sin contraste),TAC GINECOLOGICA ( ),TOM,SIMPLE,TOM_SIMPLE,Tomografía simple,False,False,True,False,
Prácticas-Tomografías.xls,Practicas,80,900193,TAC GINECOLOGICA C/CONTRASTE,TAC GINECOLOGICA C/CONTRASTE,TOM,SIMPLE,TOM_SIMPLE,Tomografía simple,False,False,False,False,base_no_separada
Prácticas-Tomografías.xls,Practicas,81,900194,TAC HEPATOBILIAR/RENAL (con contraste),TAC HEPATOBILIAR/RENAL ( ),TOM,SIMPLE,TOM_SIMPLE,Tomografía simple,False,True,False,False,
Prácticas-Tomografías.xls,Practicas,82,341009,TAC HEPATOBILIAR/RENAL (sin contraste),TAC HEPATOBILIAR/RENAL ( ),TOM,SIMPLE,TOM_SIMPLE,Tomografía simple,False,False,True,False,
Prácticas-Tomografías.xls,Practicas,84,900458,TAC MACIZO FACIAL SIN CONTRASTE,TAC MACIZO FACIAL,TOM,SIMPLE,TOM_SIMPLE,Tomografía simple,False,False,True,False,
Prácticas-Tomografías.xls,Practicas,85,900192,TAC MAMARIA C/CONTRASTE,TAC MAMARIA C/CONTRASTE,TOM,SIMPLE,TOM_SIMPLE,Tomografía simple,False,False,False,False,base_no_separada
Prácticas-Tomografías.xls,Practicas,86,341006,TAC MAMARIA SIN CONTRASTE,TAC MAMARIA,TOM,SIMPLE,TOM_SIMPLE,Tomografía simple,False,False,True,False,
Prácticas-Tomografías.xls,Practicas,88,900839,TAC MANO SIN CONTRASTE,TAC MANO,TOM,SIMPLE,TOM_SIMPLE,Tomografía simple,False,False,True,False,
Prácticas-Tomografías.xls,Practicas,89,900837,TAC MUNECA CON CONTRASTE,TAC MUNECA,TOM,SIMPLE,TOM_SIMPLE,Tomografía simple,False,True,False,False,
Prácticas-Tomografías.xls,Practicas,90,900835,TAC MUNECA SIN CONTRASTE,TAC MUNECA,TOM,SIMPLE,TOM_SIMPLE,Tomografía simple,False,False,True,False,
Prácticas-Tomografías.xls,Practicas,91,341004,TAC OFTALMOLOGICA    (sin contraste),TAC OFTALMOLOGICA ( ),TOM,SIMPLE,TOM_SIMPLE,Tomografía simple,False,False,True,False,
Prácticas-Tomografías.xls,Practicas,92,900190,TAC OFTALMOLOGICA C/CONTRASTE,TAC OFTALMOLOGICA C/CONTRASTE,TOM,SIMPLE,TOM_SIMPLE,Tomografía simple,False,False,False,False,base_no_separada
Prácticas-Tomografías.xls,Practicas,93,900907,TAC OIDO,TAC OIDO,TOM,SIMPLE,TOM_SIMPLE,Tomografía simple,False,False,False,False,base_no_separada
Prácticas-Tomografías.xls,Practicas,96,901232,TAC OSTEOARTICULAR 3D CON O SIN SUPRESION METALICA,TAC OSTEOARTICULAR 3D CON O SIN SUPRESION METALICA,TOM,SIMPLE,TOM_SIMPLE,Tomografía simple,False,False,False,False,base_no_separada
Prácticas-Tomografías.xls,Practicas,97,900196,TAC OTROS ORGANOS (con contraste),TAC OTROS ORGANOS ( ),TOM,SIMPLE,TOM_SIMPLE,Tomografía simple,False,True,False,False,
Prácticas-Tomografías.xls,Practicas,98,341012,TAC OTROS ORGANOS (sin contraste),TAC OTROS ORGANOS ( ),TOM,SIMPLE,TOM_SIMPLE,Tomografía simple,False,False,True,False,
Prácticas-Tomografías.xls,Practicas,99,900836,TAC PIE CON CONTRASTE,TAC PIE,TOM,SIMPLE,TOM_SIMPLE,Tomografía simple,False,True,False,False,
Prácticas-Tomografías.xls,Practicas,101,900901,TAC PIERNA,TAC PIERNA,TOM,SIMPLE,TOM_SIMPLE,Tomografía simple,False,False,False,False,base_no_separada
Prácticas-Tomografías.xls,Practicas,102,900915,TAC RECONSTRCCION OSEA 3D,TAC RECONSTRCCION OSEA 3D,TOM,SIMPLE,TOM_SIMPLE,Tomografía simple,False,False,False,False,base_no_separada
Prácticas-Tomografías.xls,Practicas,103,900902,TAC RODILLA,TAC RODILLA,TOM,SIMPLE,TOM_SIMPLE,Tomografía simple,False,False,False,False,base_no_separada
Prácticas-Tomografías.xls,Practicas,104,900856,TAC RODILLA 3D,TAC RODILLA 3D,TOM,SIMPLE,TOM_SIMPLE,Tomografía simple,False,False,False,False,base_no_separada
Prácticas-Tomografías.xls,Practicas,105,901245,TAC SCREENING DE TORAX,TAC SCREENING DE TORAX,TOM,SIMPLE,TOM_SIMPLE,Tomografía simple,False,False,False,False,base_no_separada
Prácticas-Tomografías.xls,Practicas,106,341005,TAC TIROIDEA (sin contraste),TAC TIROIDEA ( ),TOM,SIMPLE,TOM_SIMPLE,Tomografía simple,False,False,True,False,
Prácticas-Tomografías.xls,Practicas,107,900191,TAC TIROIDEA C/CONTRASTE,TAC TIROIDEA C/CONTRASTE,TOM,SIMPLE,TOM_SIMPLE,Tomografía simple,False,False,False,False,base_no_separada
Prácticas-Tomografías.xls,Practicas,110,341010,TAC TORACICA (sin contraste),TAC TORACICA ( ),TOM,SIMPLE,TOM_SIMPLE,Tomografía simple,False,False,True,False,
Prácticas-Tomografías.xls,Practicas,111,900100,TAC TORACICA C/CONTRASTE,TAC TORACICA C/CONTRASTE,TOM,SIMPLE,TOM_SIMPLE,Tomografía simple,False,False,False,False,base_no_separada
Prácticas-Tomografías.xls,Practicas,112,902233,TAC TRIPLE RULE OUT,TAC TRIPLE RULE OUT,TOM,SIMPLE,TOM_SIMPLE,Tomografía simple,False,False,False,False,base_no_separada
Prácticas-Tomografías.xls,Practicas,113,341011,TAC VEJIGA Y PROSTATA (sin contraste),TAC VEJIGA Y PROSTATA ( ),TOM,SIMPLE,TOM_SIMPLE,Tomografía simple,False,False,True,False,
Prácticas-Tomografías.xls,Practicas,114,900195,TAC VEJIGA Y PROSTATA C/CONTRASTE,TAC VEJIGA Y PROSTATA C/CONTRASTE,TOM,SIMPLE,TOM_SIMPLE,Tomografía simple,False,False,False,False,base_no_separada
Prácticas-Tomografías.xls,Practicas,115,901195,TAC VEJIGA Y PROSTATA CON CONTRASTE,TAC VEJIGA Y PROSTATA,TOM,SIMPLE,TOM_SIMPLE,Tomografía simple,False,True,False,False,
Prácticas-Tomografías.xls,Practicas,117,900099,TAC.DE COLUMNA C/CONTRASTE,TAC DE COLUMNA C/CONTRASTE,TOM,SIMPLE,TOM_SIMPLE,Tomografía simple,False,False,False,False,
Prácticas-Tomografías.xls,Practicas,118,3008484,TRIAMCINOLONA,TRIAMCINOLONA,TOM,SIMPLE,TOM_SIMPLE,Tomografía simple,False,False,False,False,base_no_separada
Prácticas-Tomografías.xls,Practicas,119,901240,UROTOMOGRAFIA,UROTOMOGRAFIA,TOM,SIMPLE,TOM_SIMPLE,Tomografía simple,False,False,False,False,base_no_separada
Prácticas-Tomografías.xls,Practicas,120,3009083,XENETIX (100ml),XENETIX (100ML),TOM,SIMPLE,TOM_SIMPLE,Tomografía simple,False,False,False,False,base_no_separada
Prácticas-Tomografías.xls,Practicas,121,3009084,XENETIX 300 (50ml),XENETIX 300 (50ML),TOM,SIMPLE,TOM_SIMPLE,Tomografía simple,False,False,False,False,base_no_separada
Prácticas-Tomografías.xls,Practicas,70,341003,TAC CEREBRAL DE CONTROL (s/contraste),TAC CEREBRAL DE CONTROL (S/CONTRASTE),TOM,SIN_CONTRASTE,TOM_SIN_CONTRASTE,Tomografía sin contraste,False,False,False,False,base_no_separada
