archivo,hoja,fila_excel,prestacion,nombre_original,texto_completo,base_practica,angio,con_contraste,sin_contraste,difusion,es_material,tiene_modificador,observacion
Prácticas-Ecografías.xls,Practicas,2,3003841,ABBOCATH 14,3003841 | 0 | ABBOCATH 14 | ABBOCATH 14 |  | Ecografia | ECOGRAFIA | Set de Farmacia | No |,ABBOCATH 14,False,False,False,False,True,False,posible_material_o_insumo;base_no_separada
Prácticas-Ecografías.xls,Practicas,3,3009186,AGUJA MAGNUM PARA BIOPSIA 18G X 25 CM,3009186 | 0 | AGUJA MAGNUM PARA BIOPSIA 18G X 25 CM | AGUJA MAGNUM PARA BIOPSIA 18G X 25 CM |  | Ecografia | ECOGRAFIA | Set de Farmacia | No |,AGUJA MAGNUM PARA BIOPSIA 18G X 25 CM,False,False,False,False,True,False,posible_material_o_insumo;base_no_separada
Prácticas-Ecografías.xls,Practicas,4,900137,ECODOPPLER 4 VASOS DE CUELLO,900137 | 0 | ECODOPPLER 4 VASOS DE CUELLO | ECODOPPLER 4 VASOS DE CUELLO |  | Ecografia | ECODOPPLER | Práctica | Sí | Doppler,ECODOPPLER 4 VASOS DE CUELLO,False,False,False,False,False,False,base_no_separada
Prácticas-Ecografías.xls,Practicas,5,900092,ECODOPPLER AORTA ABDOMINAL,900092 | 0 | ECODOPPLER AORTA ABDOMINAL | ECODOPPLER AORTA ABDOMINAL |  | Ecografia | ECODOPPLER | Práctica | Sí | Doppler,ECODOPPLER AORTA ABDOMINAL,False,False,False,False,False,False,base_no_separada
Prácticas-Ecografías.xls,Practicas,6,180604,ECODOPPLER AORTA TORACICA,180604 | 0 | ECODOPPLER AORTA TORACICA | ECODOPPLER AORTA TORACICA |  | Ecografia | ECODOPPLER | Práctica | Sí | Doppler,ECODOPPLER AORTA TORACICA,False,False,False,False,False,False,base_no_separada
Prácticas-Ecografías.xls,Practicas,7,900175,"ECODOPPLER AORTA, CAVA, RAMAS VISCERALES","900175 | 0 | ECODOPPLER AORTA, CAVA, RAMAS VISCERALES | ECODOPPLER AORTA, CAVA, RAMAS VISCERALES |  | Ecografia | ECODOPPLER | Práctica | Sí | Doppler",ECODOPPLER AORTA CAVA RAMAS VISCERALES,False,False,False,False,False,False,
Prácticas-Ecografías.xls,Practicas,8,180616,ECODOPPLER AORTOILIACO,180616 | 0 | ECODOPPLER AORTOILIACO | ECODOPPLER AORTOILIACO |  | Ecografia | ECODOPPLER | Práctica | Sí | Doppler,ECODOPPLER AORTOILIACO,False,False,False,False,False,False,base_no_separada
Prácticas-Ecografías.xls,Practicas,9,900046,ECODOPPLER ARTERIAL MM INFERIORES,900046 | 0 | ECODOPPLER ARTERIAL MM INFERIORES | ECODOPPLER ARTERIAL MM INFERIORES |  | Ecografia | ECODOPPLER | Práctica | Sí | Doppler,ECODOPPLER ARTERIAL MM INFERIORES,False,False,False,False,False,False,base_no_separada
Prácticas-Ecografías.xls,Practicas,10,900045,ECODOPPLER ARTERIAL MM SUPERIORES,900045 | 0 | ECODOPPLER ARTERIAL MM SUPERIORES | ECODOPPLER ARTERIAL MM SUPERIORES |  | Ecografia | ECODOPPLER | Práctica | Sí | Doppler,ECODOPPLER ARTERIAL MM SUPERIORES,False,False,False,False,False,False,base_no_separada
Prácticas-Ecografías.xls,Practicas,11,180615,ECODOPPLER ARTERIAS SUBCLAVIAS,180615 | 0 | ECODOPPLER ARTERIAS SUBCLAVIAS | ECODOPPLER ARTERIAS SUBCLAVIAS |  | Ecografia | ECODOPPLER | Práctica | Sí | Doppler,ECODOPPLER ARTERIAS SUBCLAVIAS,False,False,False,False,False,False,base_no_separada
Prácticas-Ecografías.xls,Practicas,12,900009,ECODOPPLER CARDIACO,900009 | 0 | ECODOPPLER CARDIACO | ECODOPPLER CARDIACO |  | Ecografia | ECODOPPLER | Práctica | Sí | Doppler,ECODOPPLER CARDIACO,False,False,False,False,False,False,base_no_separada
Prácticas-Ecografías.xls,Practicas,13,900025,ECODOPPLER CAROTIDO VERTEBRAL,900025 | 0 | ECODOPPLER CAROTIDO VERTEBRAL | ECODOPPLER CAROTIDO VERTEBRAL |  | Ecografia | ECODOPPLER | Práctica | Sí | Doppler,ECODOPPLER CAROTIDO VERTEBRAL,False,False,False,False,False,False,base_no_separada
Prácticas-Ecografías.xls,Practicas,14,180203,ECODOPPLER CIRCULACION PORTAL,180203 | 0 | ECODOPPLER CIRCULACION PORTAL | ECODOPPLER CIRCULACION PORTAL |  | Ecografia | ECODOPPLER | Práctica | Sí | Doppler,ECODOPPLER CIRCULACION PORTAL,False,False,False,False,False,False,base_no_separada
Prácticas-Ecografías.xls,Practicas,15,900688,ECODOPPLER CON ANALISIS DE STRAIN,900688 | 0 | ECODOPPLER CON ANALISIS DE STRAIN | ECODOPPLER CON ANALISIS DE STRAIN |  | Ecografia | ECODOPPLER | Práctica | Sí | Doppler,ECODOPPLER CON ANALISIS DE STRAIN,False,False,False,False,False,False,base_no_separada
Prácticas-Ecografías.xls,Practicas,16,901122,ECODOPPLER DERMATOLOGICO,901122 | 0 | ECODOPPLER DERMATOLOGICO | ECODOPPLER DERMATOLOGICO |  | Ecografia | ECODOPPLER | Práctica | Sí | Doppler,ECODOPPLER DERMATOLOGICO,False,False,False,False,False,False,base_no_separada
Prácticas-Ecografías.xls,Practicas,17,180204,ECODOPPLER ESPLENICO-CAVA,180204 | 0 | ECODOPPLER ESPLENICO-CAVA | ECODOPPLER ESPLENICO-CAVA |  | Ecografia | ECODOPPLER | Práctica | Sí | Doppler,ECODOPPLER ESPLENICO-CAVA,False,False,False,False,False,False,base_no_separada
Prácticas-Ecografías.xls,Practicas,18,900199,ECODOPPLER HEPATICO,900199 | 0 | ECODOPPLER HEPATICO | ECODOPPLER HEPATICO |  | Ecografia | ECODOPPLER | Práctica | Sí | Doppler,ECODOPPLER HEPATICO,False,False,False,False,False,False,base_no_separada
Prácticas-Ecografías.xls,Practicas,19,900453,ECODOPPLER HUESOS NASALES,900453 | 0 | ECODOPPLER HUESOS NASALES | ECODOPPLER HUESOS NASALES |  | Ecografia | ECODOPPLER | Práctica | Sí | Doppler,ECODOPPLER HUESOS NASALES,False,False,False,False,False,False,base_no_separada
Prácticas-Ecografías.xls,Practicas,20,900160,ECODOPPLER MAMARIO,900160 | 0 | ECODOPPLER MAMARIO | ECODOPPLER MAMARIO |  | Ecografia | ECODOPPLER | Práctica | Sí | Doppler,ECODOPPLER MAMARIO,False,False,False,False,False,False,base_no_separada
Prácticas-Ecografías.xls,Practicas,21,900401,ECODOPPLER OVARIO,900401 | 0 | ECODOPPLER OVARIO | ECODOPPLER OVARIO |  | Ecografia | ECODOPPLER | Práctica | Sí | Doppler,ECODOPPLER OVARIO,False,False,False,False,False,False,base_no_separada
Prácticas-Ecografías.xls,Practicas,22,180120,ECODOPPLER PARTES BLANDAS,180120 | 0 | ECODOPPLER PARTES BLANDAS | ECODOPPLER PARTES BLANDAS |  | Ecografia | ECODOPPLER | Práctica | Sí | Doppler,ECODOPPLER PARTES BLANDAS,False,False,False,False,False,False,base_no_separada
Prácticas-Ecografías.xls,Practicas,23,900086,ECODOPPLER PELVIANO,900086 | 0 | ECODOPPLER PELVIANO | ECODOPPLER PELVIANO |  | Ecografia | ECODOPPLER | Práctica | Sí | Doppler,ECODOPPLER PELVIANO,False,False,False,False,False,False,base_no_separada
Prácticas-Ecografías.xls,Practicas,24,900019,ECODOPPLER RENAL,900019 | 0 | ECODOPPLER RENAL | ECODOPPLER RENAL |  | Ecografia | ECODOPPLER | Práctica | Sí | Doppler,ECODOPPLER RENAL,False,False,False,False,False,False,base_no_separada
Prácticas-Ecografías.xls,Practicas,25,900029,ECODOPPLER TESTICULAR,900029 | 0 | ECODOPPLER TESTICULAR | ECODOPPLER TESTICULAR |  | Ecografia | ECODOPPLER | Práctica | Sí | Doppler,ECODOPPLER TESTICULAR,False,False,False,False,False,False,base_no_separada
Prácticas-Ecografías.xls,Practicas,26,900037,ECODOPPLER TIROIDES,900037 | 0 | ECODOPPLER TIROIDES | ECODOPPLER TIROIDES |  | Ecografia | ECODOPPLER | Práctica | Sí | Doppler,ECODOPPLER TIROIDES,False,False,False,False,False,False,base_no_separada
Prácticas-Ecografías.xls,Practicas,27,900402,ECODOPPLER TOCOGINECOLOGICO,900402 | 0 | ECODOPPLER TOCOGINECOLOGICO | ECODOPPLER TOCOGINECOLOGICO |  | Ecografia | ECODOPPLER | Práctica | Sí | Doppler,ECODOPPLER TOCOGINECOLOGICO,False,False,False,False,False,False,base_no_separada
Prácticas-Ecografías.xls,Practicas,28,900044,ECODOPPLER TRANSVAGINAL,900044 | 0 | ECODOPPLER TRANSVAGINAL | ECODOPPLER TRANSVAGINAL |  | Ecografia | ECODOPPLER | Práctica | Sí | Doppler,ECODOPPLER TRANSVAGINAL,False,False,False,False,False,False,base_no_separada
Prácticas-Ecografías.xls,Practicas,29,900374,ECODOPPLER VASOS PENEANOS CON DROGAS VASOACTIVAS,900374 | 0 | ECODOPPLER VASOS PENEANOS CON DROGAS VASOACTIVAS | ECODOPPLER VASOS PENEANOS CON DROGAS VASOACTIVAS |  | Ecografia | ECODOPPLER | Práctica | Sí | Doppler,ECODOPPLER VASOS PENEANOS CON DROGAS VASOACTIVAS,False,False,False,False,False,False,base_no_separada
Prácticas-Ecografías.xls,Practicas,30,900048,ECODOPPLER VENOSO MM INFERIORES,900048 | 0 | ECODOPPLER VENOSO MM INFERIORES | ECODOPPLER VENOSO MM INFERIORES |  | Ecografia | ECODOPPLER | Práctica | Sí | Doppler,ECODOPPLER VENOSO MM INFERIORES,False,False,False,False,False,False,base_no_separada
Prácticas-Ecografías.xls,Practicas,31,900047,ECODOPPLER VENOSO MM SUPERIORES,900047 | 0 | ECODOPPLER VENOSO MM SUPERIORES | ECODOPPLER VENOSO MM SUPERIORES |  | Ecografia | ECODOPPLER | Práctica | Sí | Doppler,ECODOPPLER VENOSO MM SUPERIORES,False,False,False,False,False,False,base_no_separada
Prácticas-Ecografías.xls,Practicas,32,180304,ECOESTRESS CON EJERCICIO,180304 | 0 | ECOESTRESS CON EJERCICIO | ECOESTRESS CON EJERCICIO |  | Ecografia | ECOESTRESS | Práctica | Sí | Unico,ECOESTRESS CON EJERCICIO,False,False,False,False,False,False,base_no_separada
Prácticas-Ecografías.xls,Practicas,33,180117,ECOGRAFIA AORTA ABDOMINAL DINAMICA Y,180117 | 0 | ECOGRAFIA AORTA ABDOMINAL DINAMICA Y | ECOGRAFIA AORTA ABDOMINAL DINAMICA Y |  | Ecografia | ECOGRAFIA | Práctica | Sí | Unico,ECOGRAFIA AORTA ABDOMINAL DINAMICA Y,False,False,False,False,False,False,base_no_separada
Prácticas-Ecografías.xls,Practicas,34,180107,ECOGRAFIA CEREBRAL -CON MODO B Y A-,180107 | 0 | ECOGRAFIA CEREBRAL -CON MODO B Y A- | ECOGRAFIA CEREBRAL -CON MODO B Y A- |  | Ecografia | ECOGRAFIA | Práctica | Sí | Unico,ECOGRAFIA CEREBRAL -CON MODO B Y A-,False,False,False,False,False,False,base_no_separada
Prácticas-Ecografías.xls,Practicas,35,180112,ECOGRAFIA COMPLETA DE ABDOMEN,180112 | 0 | ECOGRAFIA COMPLETA DE ABDOMEN | ECOGRAFIA COMPLETA DE ABDOMEN |  | Ecografia | ECOGRAFIA | Práctica | Sí | Unico,ECOGRAFIA COMPLETA DE ABDOMEN,False,False,False,False,False,False,base_no_separada
Prácticas-Ecografías.xls,Practicas,36,900038,ECOGRAFIA DE CADERA UNI/BILATERAL,900038 | 0 | ECOGRAFIA DE CADERA UNI/BILATERAL | ECOGRAFIA DE CADERA UNI/BILATERAL |  | Ecografia | ECOGRAFIA | Práctica | Sí | Unico,ECOGRAFIA DE CADERA UNI/BILATERAL,False,False,False,False,False,False,base_no_separada
Prácticas-Ecografías.xls,Practicas,37,900036,ECOGRAFIA DE MIEMBRO INFERIOR,900036 | 0 | ECOGRAFIA DE MIEMBRO INFERIOR | ECOGRAFIA DE MIEMBRO INFERIOR |  | Ecografia | ECOGRAFIA | Práctica | Sí | Unico,ECOGRAFIA DE MIEMBRO INFERIOR,False,False,False,False,False,False,base_no_separada
Prácticas-Ecografías.xls,Practicas,38,900022,ECOGRAFIA DE PARTES BLANDAS,900022 | 0 | ECOGRAFIA DE PARTES BLANDAS | ECOGRAFIA DE PARTES BLANDAS |  | Ecografia | ECOGRAFIA | Práctica | Sí | Unico,ECOGRAFIA DE PARTES BLANDAS,False,False,False,False,False,False,base_no_separada
Prácticas-Ecografías.xls,Practicas,39,180111,ECOGRAFIA DE TESTICULOS,180111 | 0 | ECOGRAFIA DE TESTICULOS | ECOGRAFIA DE TESTICULOS |  | Ecografia | ECOGRAFIA | Práctica | Sí | Unico,ECOGRAFIA DE TESTICULOS,False,False,False,False,False,False,base_no_separada
Prácticas-Ecografías.xls,Practicas,40,180114,ECOGRAFIA DE VEJIGA O PROSTATA CON O SIN,180114 | 0 | ECOGRAFIA DE VEJIGA O PROSTATA CON O SIN | ECOGRAFIA DE VEJIGA O PROSTATA CON O SIN |  | Ecografia | ECOGRAFIA | Práctica | Sí | Unico,ECOGRAFIA DE VEJIGA O PROSTATA CON O SIN,False,False,False,False,False,False,base_no_separada
Prácticas-Ecografías.xls,Practicas,41,180113,"ECOGRAFIA HEPATICA, BILIAR, ESPLENICA O","180113 | 0 | ECOGRAFIA HEPATICA, BILIAR, ESPLENICA O | ECOGRAFIA HEPATICA, BILIAR, ESPLENICA O |  | Ecografia | ECOGRAFIA | Práctica | Sí | Unico",ECOGRAFIA HEPATICA BILIAR ESPLENICA O,False,False,False,False,False,False,
Prácticas-Ecografías.xls,Practicas,42,180106,ECOGRAFIA MAMARIA UNI O BILATERAL,180106 | 0 | ECOGRAFIA MAMARIA UNI O BILATERAL | ECOGRAFIA MAMARIA UNI O BILATERAL |  | Ecografia | ECOGRAFIA | Práctica | Sí | Unico,ECOGRAFIA MAMARIA UNI O BILATERAL,False,False,False,False,False,False,base_no_separada
Prácticas-Ecografías.xls,Practicas,43,180118,ECOGRAFIA PANCREATICA O SUPRARRENAL,180118 | 0 | ECOGRAFIA PANCREATICA O SUPRARRENAL | ECOGRAFIA PANCREATICA O SUPRARRENAL |  | Ecografia | ECOGRAFIA | Práctica | Sí | Unico,ECOGRAFIA PANCREATICA O SUPRARRENAL,False,False,False,False,False,False,base_no_separada
Prácticas-Ecografías.xls,Practicas,44,900866,ECOGRAFIA PARTES BLANDAS DOS REGIONES,900866 | 0 | ECOGRAFIA PARTES BLANDAS DOS REGIONES | ECOGRAFIA PARTES BLANDAS DOS REGIONES |  | Ecografia | ECOGRAFIA | Práctica | Sí | Unico,ECOGRAFIA PARTES BLANDAS DOS REGIONES,False,False,False,False,False,False,base_no_separada
Prácticas-Ecografías.xls,Practicas,45,901801,ECOGRAFIA PROSTATICA TRANSRECTAL,901801 | 0 | ECOGRAFIA PROSTATICA TRANSRECTAL | ECOGRAFIA PROSTATICA TRANSRECTAL |  | Ecografia | ECOGRAFIA | Práctica | Sí | Unico,ECOGRAFIA PROSTATICA TRANSRECTAL,False,False,False,False,False,False,base_no_separada
Prácticas-Ecografías.xls,Practicas,46,901833,ECOGRAFIA PROSTATICA TRANSRECTAL RANDOMIZADA CON BIOPSIA,901833 | 0 | ECOGRAFIA PROSTATICA TRANSRECTAL RANDOMIZADA CON BIOPSIA | ECOGRAFIA PROSTATICA TRANSRECTAL RANDOMIZADA CON BIOPSIA |  | Ecografia | ECOGRAFIA | Práctica | Sí | Unico,ECOGRAFIA PROSTATICA TRANSRECTAL RANDOMIZADA CON BIOPSIA,False,False,False,False,False,False,base_no_separada
Prácticas-Ecografías.xls,Practicas,47,180116,ECOGRAFIA RENAL BILATERAL,180116 | 0 | ECOGRAFIA RENAL BILATERAL | ECOGRAFIA RENAL BILATERAL |  | Ecografia | ECOGRAFIA | Práctica | Sí | Unico,ECOGRAFIA RENAL BILATERAL,False,False,False,False,False,False,base_no_separada
Prácticas-Ecografías.xls,Practicas,48,180110,ECOGRAFIA TIROIDEA,180110 | 0 | ECOGRAFIA TIROIDEA | ECOGRAFIA TIROIDEA |  | Ecografia | ECOGRAFIA | Práctica | Sí | Unico,ECOGRAFIA TIROIDEA,False,False,False,False,False,False,base_no_separada
Prácticas-Ecografías.xls,Practicas,49,180104,ECOGRAFIA TOCOGINECOLOGICA,180104 | 0 | ECOGRAFIA TOCOGINECOLOGICA | ECOGRAFIA TOCOGINECOLOGICA |  | Ecografia | ECOGRAFIA | Práctica | Sí | Unico,ECOGRAFIA TOCOGINECOLOGICA,False,False,False,False,False,False,base_no_separada
Prácticas-Ecografías.xls,Practicas,50,900043,ECOGRAFIA TRANSESOFAGICA,900043 | 0 | ECOGRAFIA TRANSESOFAGICA | ECOGRAFIA TRANSESOFAGICA |  | Ecografia | ECOGRAFIA TRANSESOFAGICA | Práctica | Sí | Unico,ECOGRAFIA TRANSESOFAGICA,False,False,False,False,False,False,base_no_separada
Prácticas-Ecografías.xls,Practicas,51,900689,ECOGRAFIA TRANSESOFAGICA CON PASO DE BURBUJAS,900689 | 0 | ECOGRAFIA TRANSESOFAGICA CON PASO DE BURBUJAS | ECOGRAFIA TRANSESOFAGICA CON PASO DE BURBUJAS |  | Ecografia | ECODOPPLER | Práctica | Sí | Doppler,ECOGRAFIA TRANSESOFAGICA CON PASO DE BURBUJAS,False,False,False,False,False,False,base_no_separada
Prácticas-Ecografías.xls,Practicas,52,900667,ECOGRAFIA TRANSESOFAGICA CON SEDACION,900667 | 0 | ECOGRAFIA TRANSESOFAGICA CON SEDACION | ECOGRAFIA TRANSESOFAGICA CON SEDACION |  | Ecografias en Quirofano | ECOGRAFIA TRANSESOFAGICA | Práctica | Sí | Doppler,ECOGRAFIA TRANSESOFAGICA CON SEDACION,False,False,False,False,False,False,base_no_separada
Prácticas-Ecografías.xls,Practicas,53,900023,ECOGRAFIA TRANSVAGINAL SIN BIOPSIA,900023 | 0 | ECOGRAFIA TRANSVAGINAL SIN BIOPSIA | ECOGRAFIA TRANSVAGINAL SIN BIOPSIA |  | Ecografia | ECOGRAFIA | Práctica | Sí | Unico,ECOGRAFIA TRANSVAGINAL SIN BIOPSIA,False,False,False,False,False,False,base_no_separada
Prácticas-Ecografías.xls,Practicas,54,900653,ELASTOGRAFIA HEPATICA,900653 | 0 | ELASTOGRAFIA HEPATICA | ELASTOGRAFIA HEPATICA |  | Ecografia | ECOGRAFIA | Práctica | Sí | Unico,ELASTOGRAFIA HEPATICA,False,False,False,False,False,False,base_no_separada
Prácticas-Ecografías.xls,Practicas,55,900064,PUNCION BIOPSIA ABDOMINAL BAJO ECOGRAFIA,900064 | 0 | PUNCION BIOPSIA ABDOMINAL BAJO ECOGRAFIA | PUNCION BIOPSIA ABDOMINAL BAJO ECOGRAFIA |  | Ecografia | ECOGRAFIA | Práctica | Sí | Unico,PUNCION BIOPSIA ABDOMINAL BAJO ECOGRAFIA,False,False,False,False,True,False,posible_material_o_insumo;base_no_separada
Prácticas-Ecografías.xls,Practicas,56,900079,PUNCION BIOPSIA BAJO CTROL.ECOGRAFICO,900079 | 0 | PUNCION BIOPSIA BAJO CTROL.ECOGRAFICO | PUNCION BIOPSIA BAJO CTROL.ECOGRAFICO |  | Ecografia | ECOGRAFIA | Práctica | Sí | Unico,PUNCION BIOPSIA BAJO CTROL ECOGRAFICO,False,False,False,False,True,False,posible_material_o_insumo
Prácticas-Ecografías.xls,Practicas,57,900073,PUNCION BIOPSIA HIGADO BAJO ECOGRAFIA,900073 | 0 | PUNCION BIOPSIA HIGADO BAJO ECOGRAFIA | PUNCION BIOPSIA HIGADO BAJO ECOGRAFIA |  | Ecografia | ECOGRAFIA | Práctica | Sí | Unico,PUNCION BIOPSIA HIGADO BAJO ECOGRAFIA,False,False,False,False,True,False,posible_material_o_insumo;base_no_separada
Prácticas-Ecografías.xls,Practicas,58,900070,PUNCION BIOPSIA MAMARIA BAJO ECOGRAFIA,900070 | 0 | PUNCION BIOPSIA MAMARIA BAJO ECOGRAFIA | PUNCION BIOPSIA MAMARIA BAJO ECOGRAFIA |  | Ecografia | ECOGRAFIA | Práctica | Sí | Unico,PUNCION BIOPSIA MAMARIA BAJO ECOGRAFIA,False,False,False,False,True,False,posible_material_o_insumo;base_no_separada
Prácticas-Resonancias.xls,Practicas,2,160109,ANEST  MAYOR F,160109 | 0 | ANEST  MAYOR F | ANEST MAYOR F |  | Resonancia Magnetica | RESONANCIA MAGNETICA | Práctica Adicional | Sí | Unico,ANEST MAYOR F,False,False,False,False,True,False,posible_material_o_insumo;base_no_separada
Prácticas-Resonancias.xls,Practicas,3,160111,ANEST ESPECIAL A,160111 | 0 | ANEST ESPECIAL A | ANEST ESPECIAL A |  | Resonancia Magnetica | RESONANCIA MAGNETICA | Práctica Adicional | Sí | Unico,ANEST ESPECIAL A,False,False,False,False,True,False,posible_material_o_insumo;base_no_separada
Prácticas-Resonancias.xls,Practicas,4,160112,ANEST ESPECIAL B,160112 | 0 | ANEST ESPECIAL B | ANEST ESPECIAL B |  | Resonancia Magnetica | RESONANCIA MAGNETICA | Práctica Adicional | Sí | Unico,ANEST ESPECIAL B,False,False,False,False,True,False,posible_material_o_insumo;base_no_separada
Prácticas-Resonancias.xls,Practicas,5,160113,ANEST ESPECIAL C,160113 | 0 | ANEST ESPECIAL C | ANEST ESPECIAL C |  | Resonancia Magnetica | RESONANCIA MAGNETICA | Práctica Adicional | Sí | Unico,ANEST ESPECIAL C,False,False,False,False,True,False,posible_material_o_insumo;base_no_separada
Prácticas-Resonancias.xls,Practicas,6,160114,ANEST ESPECIAL D,160114 | 0 | ANEST ESPECIAL D | ANEST ESPECIAL D |  | Resonancia Magnetica | RESONANCIA MAGNETICA | Práctica Adicional | Sí | Unico,ANEST ESPECIAL D,False,False,False,False,True,False,posible_material_o_insumo;base_no_separada
Prácticas-Resonancias.xls,Practicas,7,160115,ANEST ESPECIAL E,160115 | 0 | ANEST ESPECIAL E | ANEST ESPECIAL E |  | Resonancia Magnetica | RESONANCIA MAGNETICA | Práctica Adicional | Sí | Unico,ANEST ESPECIAL E,False,False,False,False,True,False,posible_material_o_insumo;base_no_separada
Prácticas-Resonancias.xls,Practicas,8,160116,ANEST ESPECIAL F,160116 | 0 | ANEST ESPECIAL F | ANEST ESPECIAL F |  | Resonancia Magnetica | RESONANCIA MAGNETICA | Práctica Adicional | Sí | Unico,ANEST ESPECIAL F,False,False,False,False,True,False,posible_material_o_insumo;base_no_separada
Prácticas-Resonancias.xls,Practicas,9,160117,ANEST ESPECIAL G,160117 | 0 | ANEST ESPECIAL G | ANEST ESPECIAL G |  | Resonancia Magnetica | RESONANCIA MAGNETICA | Práctica Adicional | Sí | Unico,ANEST ESPECIAL G,False,False,False,False,True,False,posible_material_o_insumo;base_no_separada
Prácticas-Resonancias.xls,Practicas,10,160118,ANEST ESPECIAL H,160118 | 0 | ANEST ESPECIAL H | ANEST ESPECIAL H |  | Resonancia Magnetica | RESONANCIA MAGNETICA | Práctica Adicional | Sí | Unico,ANEST ESPECIAL H,False,False,False,False,True,False,posible_material_o_insumo;base_no_separada
Prácticas-Resonancias.xls,Practicas,11,160119,ANEST ESPECIAL I,160119 | 0 | ANEST ESPECIAL I | ANEST ESPECIAL I |  | Resonancia Magnetica | RESONANCIA MAGNETICA | Práctica Adicional | Sí | Unico,ANEST ESPECIAL I,False,False,False,False,True,False,posible_material_o_insumo;base_no_separada
Prácticas-Resonancias.xls,Practicas,12,160120,ANEST ESPECIAL J,160120 | 0 | ANEST ESPECIAL J | ANEST ESPECIAL J |  | Resonancia Magnetica | RESONANCIA MAGNETICA | Práctica Adicional | Sí | Unico,ANEST ESPECIAL J,False,False,False,False,True,False,posible_material_o_insumo;base_no_separada
Prácticas-Resonancias.xls,Practicas,13,160121,ANEST ESPECIAL K,160121 | 0 | ANEST ESPECIAL K | ANEST ESPECIAL K |  | Resonancia Magnetica | RESONANCIA MAGNETICA | Práctica Adicional | Sí | Unico,ANEST ESPECIAL K,False,False,False,False,True,False,posible_material_o_insumo;base_no_separada
Prácticas-Resonancias.xls,Practicas,14,160125,ANEST ESPECIAL L,160125 | 0 | ANEST ESPECIAL L | ANEST ESPECIAL L |  | Resonancia Magnetica | RESONANCIA MAGNETICA | Práctica Adicional | Sí | Unico,ANEST ESPECIAL L,False,False,False,False,True,False,posible_material_o_insumo;base_no_separada
Prácticas-Resonancias.xls,Practicas,15,160126,ANEST ESPECIAL M,160126 | 0 | ANEST ESPECIAL M | ANEST ESPECIAL M |  | Resonancia Magnetica | RESONANCIA MAGNETICA | Práctica Adicional | Sí | Unico,ANEST ESPECIAL M,False,False,False,False,True,False,posible_material_o_insumo;base_no_separada
Prácticas-Resonancias.xls,Practicas,16,160127,ANEST ESPECIAL N,160127 | 0 | ANEST ESPECIAL N | ANEST ESPECIAL N |  | Resonancia Magnetica | RESONANCIA MAGNETICA | Práctica Adicional | Sí | Unico,ANEST ESPECIAL N,False,False,False,False,True,False,posible_material_o_insumo;base_no_separada
Prácticas-Resonancias.xls,Practicas,17,160128,ANEST ESPECIAL O,160128 | 0 | ANEST ESPECIAL O | ANEST ESPECIAL O |  | Resonancia Magnetica | RESONANCIA MAGNETICA | Práctica Adicional | Sí | Unico,ANEST ESPECIAL O,False,False,False,False,True,False,posible_material_o_insumo;base_no_separada
Prácticas-Resonancias.xls,Practicas,18,160129,ANEST ESPECIAL P,160129 | 0 | ANEST ESPECIAL P | ANEST ESPECIAL P |  | Resonancia Magnetica | RESONANCIA MAGNETICA | Práctica Adicional | Sí | Unico,ANEST ESPECIAL P,False,False,False,False,True,False,posible_material_o_insumo;base_no_separada
Prácticas-Resonancias.xls,Practicas,19,160130,ANEST EVALUACION ANESTESICA,160130 | 0 | ANEST EVALUACION ANESTESICA | ANEST EVALUACION ANESTESICA |  | Resonancia Magnetica | RESONANCIA MAGNETICA | Práctica Adicional | Sí | Unico,ANEST EVALUACION ANESTESICA,False,False,False,False,True,False,posible_material_o_insumo;base_no_separada
Prácticas-Resonancias.xls,Practicas,20,160106,ANEST MAYOR B,160106 | 0 | ANEST MAYOR B | ANEST MAYOR B |  | Resonancia Magnetica | RESONANCIA MAGNETICA | Práctica Adicional | Sí | Unico,ANEST MAYOR B,False,False,False,False,True,False,posible_material_o_insumo;base_no_separada
Prácticas-Resonancias.xls,Practicas,21,160108,ANEST MAYOR D,160108 | 0 | ANEST MAYOR D | ANEST MAYOR D |  | Resonancia Magnetica | RESONANCIA MAGNETICA | Práctica Adicional | Sí | Unico,ANEST MAYOR D,False,False,False,False,True,False,posible_material_o_insumo;base_no_separada
Prácticas-Resonancias.xls,Practicas,22,160107,ANEST MAYOR E,160107 | 0 | ANEST MAYOR E | ANEST MAYOR E |  | Resonancia Magnetica | RESONANCIA MAGNETICA | Práctica Adicional | Sí | Unico,ANEST MAYOR E,False,False,False,False,True,False,posible_material_o_insumo;base_no_separada
Prácticas-Resonancias.xls,Practicas,23,160110,ANEST MAYOR I,160110 | 0 | ANEST MAYOR I | ANEST MAYOR I |  | Resonancia Magnetica | RESONANCIA MAGNETICA | Práctica Adicional | Sí | Unico,ANEST MAYOR I,False,False,False,False,True,False,posible_material_o_insumo;base_no_separada
Prácticas-Resonancias.xls,Practicas,24,160122,ANEST URG DIURNA (8 A 21HS),160122 | 0 | ANEST URG DIURNA (8 A 21HS) | ANEST URG DIURNA (8 A 21HS) |  | Resonancia Magnetica | RESONANCIA MAGNETICA | Práctica Adicional | Sí | Unico,ANEST URG DIURNA (8 A 21HS),False,False,False,False,True,False,posible_material_o_insumo;base_no_separada
Prácticas-Resonancias.xls,Practicas,25,160124,ANEST URG FERIADOS (SADOFE),160124 | 0 | ANEST URG FERIADOS (SADOFE) | ANEST URG FERIADOS (SADOFE) |  | Resonancia Magnetica | RESONANCIA MAGNETICA | Práctica Adicional | Sí | Unico,ANEST URG FERIADOS (SADOFE),False,False,False,False,True,False,posible_material_o_insumo;base_no_separada
Prácticas-Resonancias.xls,Practicas,26,160123,ANEST URG NOCTURNA (21 A 8 HS),160123 | 0 | ANEST URG NOCTURNA (21 A 8 HS) | ANEST URG NOCTURNA (21 A 8 HS) |  | Resonancia Magnetica | RESONANCIA MAGNETICA | Práctica Adicional | Sí | Unico,ANEST URG NOCTURNA (21 A 8 HS),False,False,False,False,True,False,posible_material_o_insumo;base_no_separada
Prácticas-Resonancias.xls,Practicas,27,160101,ANESTESIA MINIMA,160101 | 0 | ANESTESIA MINIMA | ANESTESIA MINIMA |  | Resonancia Magnetica | RESONANCIA MAGNETICA | Práctica | Sí | Unico,ANESTESIA MINIMA,False,False,False,False,False,False,base_no_separada
Prácticas-Resonancias.xls,Practicas,28,901601,ANESTESIA PARA RMN,901601 | 0 | ANESTESIA PARA RMN | ANESTESIA PARA RMN |  | Resonancia Magnetica | RESONANCIA MAGNETICA | Práctica Adicional | Sí | Unico,ANESTESIA PARA RMN,False,False,False,False,False,False,base_no_separada
Prácticas-Resonancias.xls,Practicas,29,900332,ANGIORES.ARTER.SUBCL.Y VASOS DIST.M.SUP.,900332 | 0 | ANGIORES.ARTER.SUBCL.Y VASOS DIST.M.SUP. | ANGIORES.ARTER.SUBCL.Y VASOS DIST.M.SUP. |  | Resonancia Magnetica | RESONANCIA MAGNETICA | Práctica | Sí | Unico,ANGIORES ARTER SUBCL Y VASOS DIST M SUP,True,False,False,False,False,True,angio_sin_contraste_explicito
Prácticas-Resonancias.xls,Practicas,30,900330,ANGIORES.BY PASS AXILOFEMORAL C/GADOLINO,900330 | 0 | ANGIORES.BY PASS AXILOFEMORAL C/GADOLINO | ANGIORES.BY PASS AXILOFEMORAL C/GADOLINO |  | Resonancia Magnetica | RESONANCIA MAGNETICA | Práctica | Sí | Unico,ANGIORES BY PASS AXILOFEMORAL C/GADOLINO,True,False,False,False,False,True,angio_sin_contraste_explicito
Prácticas-Resonancias.xls,Practicas,31,900329,ANGIORES.BY PASS FEMOROPOPLITEO C/GADOLI,900329 | 0 | ANGIORES.BY PASS FEMOROPOPLITEO C/GADOLI | ANGIORES.BY PASS FEMOROPOPLITEO C/GADOLI |  | Resonancia Magnetica | RESONANCIA MAGNETICA | Práctica | Sí | Unico,ANGIORES BY PASS FEMOROPOPLITEO C/GADOLI,True,False,False,False,False,True,angio_sin_contraste_explicito
Prácticas-Resonancias.xls,Practicas,32,900314,ANGIORESON.DEL ENDOCRANEO S/CONTRASTE,900314 | 0 | ANGIORESON.DEL ENDOCRANEO S/CONTRASTE | ANGIORESON.DEL ENDOCRANEO S/CONTRASTE |  | Resonancia Magnetica | RESONANCIA MAGNETICA | Práctica | Sí | Unico,ANGIORESON DEL ENDOCRANEO S/CONTRASTE,True,False,False,False,False,True,angio_sin_contraste_explicito
Prácticas-Resonancias.xls,Practicas,33,900331,ANGIORESONAN. BY PASS OTROS,900331 | 0 | ANGIORESONAN. BY PASS OTROS | ANGIORESONAN. BY PASS OTROS |  | Resonancia Magnetica | RESONANCIA MAGNETICA | Práctica | Sí | Unico,ANGIORESONAN BY PASS OTROS,True,False,False,False,False,True,angio_sin_contraste_explicito
Prácticas-Resonancias.xls,Practicas,34,900333,ANGIORESONAN. VENAS ESPERMATICAS,900333 | 0 | ANGIORESONAN. VENAS ESPERMATICAS | ANGIORESONAN. VENAS ESPERMATICAS |  | Resonancia Magnetica | RESONANCIA MAGNETICA | Práctica | Sí | Unico,ANGIORESONAN VENAS ESPERMATICAS,True,False,False,False,False,True,angio_sin_contraste_explicito
Prácticas-Resonancias.xls,Practicas,35,901228,ANGIORESONANCIA 3D DE AORTA ABDOMINAL Y,901228 | 0 | ANGIORESONANCIA 3D DE AORTA ABDOMINAL Y | ANGIORESONANCIA 3D DE AORTA ABDOMINAL Y |  | Resonancia Magnetica | RESONANCIA MAGNETICA | Práctica | Sí | Unico,ANGIORESONANCIA 3D DE AORTA ABDOMINAL Y,True,False,False,False,False,True,angio_sin_contraste_explicito;base_no_separada
Prácticas-Resonancias.xls,Practicas,36,900316,ANGIORESONANCIA AORTA ASCENDENTE C/GADOL,900316 | 0 | ANGIORESONANCIA AORTA ASCENDENTE C/GADOL | ANGIORESONANCIA AORTA ASCENDENTE C/GADOL |  | Resonancia Magnetica | RESONANCIA MAGNETICA | Práctica | Sí | Unico,ANGIORESONANCIA AORTA ASCENDENTE C/GADOL,True,False,False,False,False,True,angio_sin_contraste_explicito;base_no_separada
Prácticas-Resonancias.xls,Practicas,37,900317,ANGIORESONANCIA AORTA DESCENDENTE C/GADO,900317 | 0 | ANGIORESONANCIA AORTA DESCENDENTE C/GADO | ANGIORESONANCIA AORTA DESCENDENTE C/GADO |  | Resonancia Magnetica | RESONANCIA MAGNETICA | Práctica | Sí | Unico,ANGIORESONANCIA AORTA DESCENDENTE C/GADO,True,False,False,False,False,True,angio_sin_contraste_explicito;base_no_separada
Prácticas-Resonancias.xls,Practicas,38,900319,ANGIORESONANCIA AORTA TORACICA,900319 | 0 | ANGIORESONANCIA AORTA TORACICA | ANGIORESONANCIA AORTA TORACICA |  | Resonancia Magnetica | RESONANCIA MAGNETICA | Práctica | Sí | Unico,ANGIORESONANCIA AORTA TORACICA,True,False,False,False,False,True,angio_sin_contraste_explicito;base_no_separada
Prácticas-Resonancias.xls,Practicas,39,900327,ANGIORESONANCIA ARTERIAS M.INFERIOR C/GA,900327 | 0 | ANGIORESONANCIA ARTERIAS M.INFERIOR C/GA | ANGIORESONANCIA ARTERIAS M.INFERIOR C/GA |  | Resonancia Magnetica | RESONANCIA MAGNETICA | Práctica | Sí | Unico,ANGIORESONANCIA ARTERIAS M INFERIOR C/GA,True,False,False,False,False,True,angio_sin_contraste_explicito
Prácticas-Resonancias.xls,Practicas,40,900321,ANGIORESONANCIA ARTERIAS RENALES C/GADO,900321 | 0 | ANGIORESONANCIA ARTERIAS RENALES C/GADO | ANGIORESONANCIA ARTERIAS RENALES C/GADO |  | Resonancia Magnetica | RESONANCIA MAGNETICA | Práctica | Sí | Unico,ANGIORESONANCIA ARTERIAS RENALES C/GADO,True,False,False,False,False,True,angio_sin_contraste_explicito;base_no_separada
Prácticas-Resonancias.xls,Practicas,41,901229,ANGIORESONANCIA DE ARTERIA PULMONAR Y AM,901229 | 0 | ANGIORESONANCIA DE ARTERIA PULMONAR Y AM | ANGIORESONANCIA DE ARTERIA PULMONAR Y AM |  | Resonancia Magnetica | RESONANCIA MAGNETICA | Práctica | Sí | Unico,ANGIORESONANCIA DE ARTERIA PULMONAR Y AM,True,False,False,False,False,True,angio_sin_contraste_explicito;base_no_separada
Prácticas-Resonancias.xls,Practicas,42,901230,ANGIORESONANCIA DE EJE ESPLENO PORTAL,901230 | 0 | ANGIORESONANCIA DE EJE ESPLENO PORTAL | ANGIORESONANCIA DE EJE ESPLENO PORTAL |  | Resonancia Magnetica | RESONANCIA MAGNETICA | Práctica | Sí | Unico,ANGIORESONANCIA DE EJE ESPLENO PORTAL,True,False,False,False,False,True,angio_sin_contraste_explicito;base_no_separada
Prácticas-Resonancias.xls,Practicas,43,900318,ANGIORESONANCIA DEL CAYADO AORTICO C/GAD,900318 | 0 | ANGIORESONANCIA DEL CAYADO AORTICO C/GAD | ANGIORESONANCIA DEL CAYADO AORTICO C/GAD |  | Resonancia Magnetica | RESONANCIA MAGNETICA | Práctica | Sí | Unico,ANGIORESONANCIA DEL CAYADO AORTICO C/GAD,True,False,False,False,False,True,angio_sin_contraste_explicito;base_no_separada
Prácticas-Resonancias.xls,Practicas,44,900322,ANGIORESONANCIA TRONCO CELIACO Y MESENTE,900322 | 0 | ANGIORESONANCIA TRONCO CELIACO Y MESENTE | ANGIORESONANCIA TRONCO CELIACO Y MESENTE |  | Resonancia Magnetica | RESONANCIA MAGNETICA | Práctica | Sí | Unico,ANGIORESONANCIA TRONCO CELIACO Y MESENTE,True,False,False,False,False,True,angio_sin_contraste_explicito;base_no_separada
Prácticas-Resonancias.xls,Practicas,45,900323,ANGIORESONANCIA VARICES ESOFAGICAS,900323 | 0 | ANGIORESONANCIA VARICES ESOFAGICAS | ANGIORESONANCIA VARICES ESOFAGICAS |  | Resonancia Magnetica | RESONANCIA MAGNETICA | Práctica | Sí | Unico,ANGIORESONANCIA VARICES ESOFAGICAS,True,False,False,False,False,True,angio_sin_contraste_explicito;base_no_separada
Prácticas-Resonancias.xls,Practicas,46,900315,ANGIORESONANCIA VASOS DE CUELLO SIN GADO,900315 | 0 | ANGIORESONANCIA VASOS DE CUELLO SIN GADO | ANGIORESONANCIA VASOS DE CUELLO SIN GADO |  | Resonancia Magnetica | RESONANCIA MAGNETICA | Práctica | Sí | Unico,ANGIORESONANCIA VASOS DE CUELLO SIN GADO,True,False,False,False,False,True,angio_sin_contraste_explicito;base_no_separada
Prácticas-Resonancias.xls,Practicas,47,900326,ANGIORESONANCIA VASOS ILIACOS C/GADOLINO,900326 | 0 | ANGIORESONANCIA VASOS ILIACOS C/GADOLINO | ANGIORESONANCIA VASOS ILIACOS C/GADOLINO |  | Resonancia Magnetica | RESONANCIA MAGNETICA | Práctica | Sí | Unico,ANGIORESONANCIA VASOS ILIACOS C/GADOLINO,True,False,False,False,False,True,angio_sin_contraste_explicito;base_no_separada
Prácticas-Resonancias.xls,Practicas,48,900260,ANGIORESONANCIA VENA CAVA INFERIOR,900260 | 0 | ANGIORESONANCIA VENA CAVA INFERIOR | ANGIORESONANCIA VENA CAVA INFERIOR |  | Resonancia Magnetica | RESONANCIA MAGNETICA | Práctica | Sí | Unico,ANGIORESONANCIA VENA CAVA INFERIOR,True,False,False,False,False,True,angio_sin_contraste_explicito;base_no_separada
Prácticas-Resonancias.xls,Practicas,49,900325,ANGIORESONANCIA VENAS SUPRAHEPATICAS,900325 | 0 | ANGIORESONANCIA VENAS SUPRAHEPATICAS | ANGIORESONANCIA VENAS SUPRAHEPATICAS |  | Resonancia Magnetica | RESONANCIA MAGNETICA | Práctica | Sí | Unico,ANGIORESONANCIA VENAS SUPRAHEPATICAS,True,False,False,False,False,True,angio_sin_contraste_explicito;base_no_separada
Prácticas-Resonancias.xls,Practicas,50,900423,ANGIORRESONANCIA CON CONTRASTE,900423 | 0 | ANGIORRESONANCIA CON CONTRASTE | ANGIORRESONANCIA CON CONTRASTE |  | Resonancia Magnetica | RESONANCIA MAGNETICA | Práctica | Sí | Unico,ANGIORRESONANCIA,True,True,False,False,False,True,
Prácticas-Resonancias.xls,Practicas,51,900381,ARTRORESONANCIA C/INYECCION DE GADOLINIO,900381 | 0 | ARTRORESONANCIA C/INYECCION DE GADOLINIO | ARTRORESONANCIA C/INYECCION DE GADOLINIO |  | Resonancia Magnetica | RESONANCIA MAGNETICA | Práctica | Sí | Unico,ARTRORESONANCIA C/INYECCION DE GADOLINIO,False,False,False,False,False,False,base_no_separada
Prácticas-Resonancias.xls,Practicas,52,900346,COLANGIORESONANCIA,900346 | 0 | COLANGIORESONANCIA | COLANGIORESONANCIA |  | Resonancia Magnetica | RESONANCIA MAGNETICA | Práctica | Sí | Unico,COLANGIORESONANCIA,False,False,False,False,False,False,base_no_separada
Prácticas-Resonancias.xls,Practicas,53,3008409,DEXAMETASONA EV,3008409 | 0 | DEXAMETASONA EV | DEXAMETASONA EV |  | Resonancia Magnetica | RESONANCIA MAGNETICA | Set de Farmacia | No |,DEXAMETASONA EV,False,False,False,False,False,False,base_no_separada
Prácticas-Resonancias.xls,Practicas,54,3008338,DIFENHIDRAMINA,3008338 | 0 | DIFENHIDRAMINA | DIFENHIDRAMINA |  | Resonancia Magnetica | RESONANCIA MAGNETICA | Set de Farmacia | No |,DIFENHIDRAMINA,False,False,False,False,False,False,base_no_separada
Prácticas-Resonancias.xls,Practicas,55,900427,ENTERORESONANCIA,900427 | 0 | ENTERORESONANCIA | ENTERORESONANCIA |  | Resonancia Magnetica | RESONANCIA MAGNETICA | Práctica | Sí | Unico,ENTERORESONANCIA,False,False,False,False,False,False,base_no_separada
Prácticas-Resonancias.xls,Practicas,56,900275,FLEBORESONANCIA,900275 | 0 | FLEBORESONANCIA | FLEBORESONANCIA |  | Resonancia Magnetica | RESONANCIA MAGNETICA | Práctica | Sí | Unico,FLEBORESONANCIA,False,False,False,False,False,False,base_no_separada
Prácticas-Resonancias.xls,Practicas,57,3008974,GADOBUTROL gadovist7.5 ml,3008974 | 0 | GADOBUTROL gadovist7.5 ml | GADOBUTROL gadovist 7.5 ml |  | Resonancia Magnetica | RESONANCIA MAGNETICA | Set de Farmacia | No |,GADOBUTROL GADOVIST7 5 ML,False,False,False,False,False,False,
Prácticas-Resonancias.xls,Practicas,58,3008975,GADOPENTATO DE DIMEGLUMINA,3008975 | 0 | GADOPENTATO DE DIMEGLUMINA | GADOPENTATO DE DIMEGLUMINA |  | Resonancia Magnetica | RESONANCIA MAGNETICA | Set de Farmacia | No |,GADOPENTATO DE DIMEGLUMINA,False,False,False,False,False,False,base_no_separada
Prácticas-Resonancias.xls,Practicas,59,3008569,LIDOCAINA 2%,3008569 | 0 | LIDOCAINA 2% | LIDOCAINA 2% |  | Resonancia Magnetica | RESONANCIA MAGNETICA | Set de Farmacia | No |,LIDOCAINA 2,False,False,False,False,False,False,
Prácticas-Resonancias.xls,Practicas,60,901224,RMN 3D DE REGION PARASELAR Y GLANDULA HIPOFISARIA,901224 | 0 | RMN 3D DE REGION PARASELAR Y GLANDULA HIPOFISARIA | RMN 3D DE REGION PARASELAR Y GLANDULA HIPOFISARIA |  | Resonancia Magnetica | RESONANCIA MAGNETICA | Práctica | Sí | Unico,RMN 3D DE REGION PARASELAR Y GLANDULA HIPOFISARIA,False,False,False,False,False,False,base_no_separada
Prácticas-Resonancias.xls,Practicas,61,901223,RMN 3D DE TRIGEMINO,901223 | 0 | RMN 3D DE TRIGEMINO | RMN 3D DE TRIGEMINO |  | Resonancia Magnetica | RESONANCIA MAGNETICA | Práctica | Sí | Unico,RMN 3D DE TRIGEMINO,False,False,False,False,False,False,base_no_separada
Prácticas-Resonancias.xls,Practicas,62,900287,RMN ABDOMEN,900287 | 0 | RMN ABDOMEN | RMN ABDOMEN |  | Resonancia Magnetica | RESONANCIA MAGNETICA | Práctica | Sí | Unico,RMN ABDOMEN,False,False,False,False,False,False,base_no_separada
Prácticas-Resonancias.xls,Practicas,63,900281,RMN ANTEBRAZO,900281 | 0 | RMN ANTEBRAZO | RMN ANTEBRAZO |  | Resonancia Magnetica | RESONANCIA MAGNETICA | Práctica | Sí | Unico,RMN ANTEBRAZO,False,False,False,False,False,False,base_no_separada
Prácticas-Resonancias.xls,Practicas,64,900254,RMN ARTICULACION TEMPOROMANDIBULAR,900254 | 0 | RMN ARTICULACION TEMPOROMANDIBULAR | RMN ARTICULACION TEMPOROMANDIBULAR |  | Resonancia Magnetica | RESONANCIA MAGNETICA | Práctica | Sí | Unico,RMN ARTICULACION TEMPOROMANDIBULAR,False,False,False,False,False,False,base_no_separada
Prácticas-Resonancias.xls,Practicas,65,900337,RMN BRAZO,900337 | 0 | RMN BRAZO | RMN BRAZO |  | Resonancia Magnetica | RESONANCIA MAGNETICA | Práctica | Sí | Unico,RMN BRAZO,False,False,False,False,False,False,base_no_separada
Prácticas-Resonancias.xls,Practicas,66,900301,RMN CADERA,900301 | 0 | RMN CADERA | RMN CADERA |  | Resonancia Magnetica | RESONANCIA MAGNETICA | Práctica | Sí | Unico,RMN CADERA,False,False,False,False,False,False,base_no_separada
Prácticas-Resonancias.xls,Practicas,67,900428,RMN CARDIACA,900428 | 0 | RMN CARDIACA | RMN CARDIACA |  | Resonancia Magnetica | RESONANCIA MAGNETICA | Práctica | Sí | Unico,RMN CARDIACA,False,False,False,False,False,False,base_no_separada
Prácticas-Resonancias.xls,Practicas,68,900245,RMN CEREBRO,900245 | 0 | RMN CEREBRO | RMN CEREBRO |  | Resonancia Magnetica | RESONANCIA MAGNETICA | Práctica | Sí | Unico,RMN CEREBRO,False,False,False,False,False,False,base_no_separada
Prácticas-Resonancias.xls,Practicas,69,900279,RMN CODO,900279 | 0 | RMN CODO | RMN CODO |  | Resonancia Magnetica | RESONANCIA MAGNETICA | Práctica | Sí | Unico,RMN CODO,False,False,False,False,False,False,base_no_separada
Prácticas-Resonancias.xls,Practicas,70,900262,RMN COLUMNA CERVICAL,900262 | 0 | RMN COLUMNA CERVICAL | RMN COLUMNA CERVICAL |  | Resonancia Magnetica | RESONANCIA MAGNETICA | Práctica | Sí | Unico,RMN COLUMNA CERVICAL,False,False,False,False,False,False,base_no_separada
Prácticas-Resonancias.xls,Practicas,71,900265,RMN COLUMNA DORSAL,900265 | 0 | RMN COLUMNA DORSAL | RMN COLUMNA DORSAL |  | Resonancia Magnetica | RESONANCIA MAGNETICA | Práctica | Sí | Unico,RMN COLUMNA DORSAL,False,False,False,False,False,False,base_no_separada
Prácticas-Resonancias.xls,Practicas,72,900267,RMN COLUMNA LUMBAR,900267 | 0 | RMN COLUMNA LUMBAR | RMN COLUMNA LUMBAR |  | Resonancia Magnetica | RESONANCIA MAGNETICA | Práctica | Sí | Unico,RMN COLUMNA LUMBAR,False,False,False,False,False,False,base_no_separada
Prácticas-Resonancias.xls,Practicas,73,900269,RMN COLUMNA SACROCOXIGEA,900269 | 0 | RMN COLUMNA SACROCOXIGEA | RMN COLUMNA SACROCOXIGEA |  | Resonancia Magnetica | RESONANCIA MAGNETICA | Práctica | Sí | Unico,RMN COLUMNA SACROCOXIGEA,False,False,False,False,False,False,base_no_separada
Prácticas-Resonancias.xls,Practicas,74,901236,RMN CONDUCTO AUDITIVO INTERNO,901236 | 0 | RMN CONDUCTO AUDITIVO INTERNO | RMN CONDUCTO AUDITIVO INTERNO |  | Resonancia Magnetica | RESONANCIA MAGNETICA | Práctica | Sí | Unico,RMN CONDUCTO AUDITIVO INTERNO,False,False,False,False,False,False,base_no_separada
Prácticas-Resonancias.xls,Practicas,75,900261,RMN CUELLO,900261 | 0 | RMN CUELLO | RMN CUELLO |  | Resonancia Magnetica | RESONANCIA MAGNETICA | Práctica | Sí | Unico,RMN CUELLO,False,False,False,False,False,False,base_no_separada
Prácticas-Resonancias.xls,Practicas,76,900299,RMN CUERPOS CAVERNOSOS,900299 | 0 | RMN CUERPOS CAVERNOSOS | RMN CUERPOS CAVERNOSOS |  | Resonancia Magnetica | RESONANCIA MAGNETICA | Práctica | Sí | Unico,RMN CUERPOS CAVERNOSOS,False,False,False,False,False,False,base_no_separada
Prácticas-Resonancias.xls,Practicas,77,900293,RMN DEL EMBARAZO,900293 | 0 | RMN DEL EMBARAZO | RMN DEL EMBARAZO |  | Resonancia Magnetica | RESONANCIA MAGNETICA | Práctica | Sí | Unico,RMN DEL EMBARAZO,False,False,False,False,False,False,base_no_separada
Prácticas-Resonancias.xls,Practicas,78,900312,RMN DIFUSION,900312 | 0 | RMN DIFUSION | RMN DIFUSION |  | Resonancia Magnetica | RESONANCIA MAGNETICA | Práctica | Sí | Unico,RMN,False,False,False,True,False,True,
Prácticas-Resonancias.xls,Practicas,79,900404,RMN DINAMICA DEL LCR,900404 | 0 | RMN DINAMICA DEL LCR | RMN DINAMICA DEL LCR |  | Resonancia Magnetica | RESONANCIA MAGNETICA | Práctica | Sí | Unico,RMN DINAMICA DEL LCR,False,False,False,False,False,False,base_no_separada
Prácticas-Resonancias.xls,Practicas,80,900274,RMN FOSA POSTERIOR,900274 | 0 | RMN FOSA POSTERIOR | RMN FOSA POSTERIOR |  | Resonancia Magnetica | RESONANCIA MAGNETICA | Práctica | Sí | Unico,RMN FOSA POSTERIOR,False,False,False,False,False,False,base_no_separada
Prácticas-Resonancias.xls,Practicas,81,900405,RMN FUNCIONAL ACTIVADOR CEREBRAL,900405 | 0 | RMN FUNCIONAL ACTIVADOR CEREBRAL | RMN FUNCIONAL ACTIVADOR CEREBRAL |  | Resonancia Magnetica | RESONANCIA MAGNETICA | Práctica | Sí | Unico,RMN FUNCIONAL ACTIVADOR CEREBRAL,False,False,False,False,False,False,base_no_separada
Prácticas-Resonancias.xls,Practicas,82,900257,RMN GLANDULAS SALIVALES,900257 | 0 | RMN GLANDULAS SALIVALES | RMN GLANDULAS SALIVALES |  | Resonancia Magnetica | RESONANCIA MAGNETICA | Práctica | Sí | Unico,RMN GLANDULAS SALIVALES,False,False,False,False,False,False,base_no_separada
Prácticas-Resonancias.xls,Practicas,83,342038,RMN HEPATOBILIAR ESPLENICA PANCREATICA,342038 | 0 | RMN HEPATOBILIAR ESPLENICA PANCREATICA | RMN HEPATOBILIAR ESPLENICA PANCREATICA |  | Resonancia Magnetica | RESONANCIA MAGNETICA | Práctica | Sí | Unico,RMN HEPATOBILIAR ESPLENICA PANCREATICA,False,False,False,False,False,False,base_no_separada
Prácticas-Resonancias.xls,Practicas,84,900335,RMN HOMBRO,900335 | 0 | RMN HOMBRO | RMN HOMBRO |  | Resonancia Magnetica | RESONANCIA MAGNETICA | Práctica | Sí | Unico,RMN HOMBRO,False,False,False,False,False,False,base_no_separada
Prácticas-Resonancias.xls,Practicas,85,900426,RMN LINFOGRAFIA,900426 | 0 | RMN LINFOGRAFIA | RMN LINFOGRAFIA |  | Resonancia Magnetica | RESONANCIA MAGNETICA | Práctica | Sí | Unico,RMN LINFOGRAFIA,False,False,False,False,False,False,base_no_separada
Prácticas-Resonancias.xls,Practicas,86,900253,RMN LOBULO TEMPORAL,900253 | 0 | RMN LOBULO TEMPORAL | RMN LOBULO TEMPORAL |  | Resonancia Magnetica | RESONANCIA MAGNETICA | Práctica | Sí | Unico,RMN LOBULO TEMPORAL,False,False,False,False,False,False,base_no_separada
Prácticas-Resonancias.xls,Practicas,87,900259,RMN MACIZO FACIAL,900259 | 0 | RMN MACIZO FACIAL | RMN MACIZO FACIAL |  | Resonancia Magnetica | RESONANCIA MAGNETICA | Práctica | Sí | Unico,RMN MACIZO FACIAL,False,False,False,False,False,False,base_no_separada
Prácticas-Resonancias.xls,Practicas,88,900288,RMN MAMARIA,900288 | 0 | RMN MAMARIA | RMN MAMARIA |  | Resonancia Magnetica | RESONANCIA MAGNETICA | Práctica | Sí | Unico,RMN MAMARIA,False,False,False,False,False,False,base_no_separada
Prácticas-Resonancias.xls,Practicas,89,900285,RMN MANO,900285 | 0 | RMN MANO | RMN MANO |  | Resonancia Magnetica | RESONANCIA MAGNETICA | Práctica | Sí | Unico,RMN MANO,False,False,False,False,False,False,base_no_separada
Prácticas-Resonancias.xls,Practicas,90,900425,RMN MIELOGRAFIA,900425 | 0 | RMN MIELOGRAFIA | RMN MIELOGRAFIA |  | Resonancia Magnetica | RESONANCIA MAGNETICA | Práctica | Sí | Unico,RMN MIELOGRAFIA,False,False,False,False,False,False,base_no_separada
Prácticas-Resonancias.xls,Practicas,91,900283,RMN MUNECA,900283 | 0 | RMN MUNECA | RMN MUNECA |  | Resonancia Magnetica | RESONANCIA MAGNETICA | Práctica | Sí | Unico,RMN MUNECA,False,False,False,False,False,False,base_no_separada
Prácticas-Resonancias.xls,Practicas,92,900303,RMN MUSLO,900303 | 0 | RMN MUSLO | RMN MUSLO |  | Resonancia Magnetica | RESONANCIA MAGNETICA | Práctica | Sí | Unico,RMN MUSLO,False,False,False,False,False,False,base_no_separada
Prácticas-Resonancias.xls,Practicas,93,900251,RMN ORBITAS,900251 | 0 | RMN ORBITAS | RMN ORBITAS |  | Resonancia Magnetica | RESONANCIA MAGNETICA | Práctica | Sí | Unico,RMN ORBITAS,False,False,False,False,False,False,base_no_separada
Prácticas-Resonancias.xls,Practicas,94,900291,RMN PELVIS,900291 | 0 | RMN PELVIS | RMN PELVIS |  | Resonancia Magnetica | RESONANCIA MAGNETICA | Práctica | Sí | Unico,RMN PELVIS,False,False,False,False,False,False,base_no_separada
Prácticas-Resonancias.xls,Practicas,95,900488,RMN PELVIS DE ALTA RESOLUCION,900488 | 0 | RMN PELVIS DE ALTA RESOLUCION | RMN PELVIS DE ALTA RESOLUCION |  | Resonancia Magnetica | RESONANCIA MAGNETICA | Práctica | Sí | Unico,RMN PELVIS DE ALTA RESOLUCION,False,False,False,False,False,False,base_no_separada
Prácticas-Resonancias.xls,Practicas,96,900407,RMN PERFUSION,900407 | 0 | RMN PERFUSION | RMN PERFUSION |  | Resonancia Magnetica | RESONANCIA MAGNETICA | Práctica | Sí | Unico,RMN PERFUSION,False,False,False,False,False,False,base_no_separada
Prácticas-Resonancias.xls,Practicas,97,900311,RMN PIE,900311 | 0 | RMN PIE | RMN PIE |  | Resonancia Magnetica | RESONANCIA MAGNETICA | Práctica | Sí | Unico,RMN PIE,False,False,False,False,False,False,base_no_separada
Prácticas-Resonancias.xls,Practicas,98,900307,RMN PIERNA,900307 | 0 | RMN PIERNA | RMN PIERNA |  | Resonancia Magnetica | RESONANCIA MAGNETICA | Práctica | Sí | Unico,RMN PIERNA,False,False,False,False,False,False,base_no_separada
Prácticas-Resonancias.xls,Practicas,99,900424,RMN PISO PELVIANO (DEFECOGRAFIA),900424 | 0 | RMN PISO PELVIANO (DEFECOGRAFIA) | RMN PISO PELVIANO (DEFECOGRAFIA) |  | Resonancia Magnetica | RESONANCIA MAGNETICA | Práctica | Sí | Unico,RMN PISO PELVIANO (DEFECOGRAFIA),False,False,False,False,False,False,base_no_separada
Prácticas-Resonancias.xls,Practicas,100,900417,RMN PLEXO BRAQUIAL,900417 | 0 | RMN PLEXO BRAQUIAL | RMN PLEXO BRAQUIAL |  | Resonancia Magnetica | RESONANCIA MAGNETICA | Práctica | Sí | Unico,RMN PLEXO BRAQUIAL,False,False,False,False,False,False,base_no_separada
Prácticas-Resonancias.xls,Practicas,101,900421,RMN PROSTATA,900421 | 0 | RMN PROSTATA | RMN PROSTATA |  | Resonancia Magnetica | RESONANCIA MAGNETICA | Práctica | Sí | Unico,RMN PROSTATA,False,False,False,False,False,False,base_no_separada
Prácticas-Resonancias.xls,Practicas,102,900420,RMN RECTAL,900420 | 0 | RMN RECTAL | RMN RECTAL |  | Resonancia Magnetica | RESONANCIA MAGNETICA | Práctica | Sí | Unico,RMN RECTAL,False,False,False,False,False,False,base_no_separada
Prácticas-Resonancias.xls,Practicas,103,900295,RMN RETROPERITONEO,900295 | 0 | RMN RETROPERITONEO | RMN RETROPERITONEO |  | Resonancia Magnetica | RESONANCIA MAGNETICA | Práctica | Sí | Unico,RMN RETROPERITONEO,False,False,False,False,False,False,base_no_separada
Prácticas-Resonancias.xls,Practicas,104,900305,RMN RODILLA,900305 | 0 | RMN RODILLA | RMN RODILLA |  | Resonancia Magnetica | RESONANCIA MAGNETICA | Práctica | Sí | Unico,RMN RODILLA,False,False,False,False,False,False,base_no_separada
Prácticas-Resonancias.xls,Practicas,105,900248,RMN SILLA TURCA,900248 | 0 | RMN SILLA TURCA | RMN SILLA TURCA |  | Resonancia Magnetica | RESONANCIA MAGNETICA | Práctica | Sí | Unico,RMN SILLA TURCA,False,False,False,False,False,False,base_no_separada
Prácticas-Resonancias.xls,Practicas,106,900419,RMN SISTEMA NERVIOSO PERIFERICO (NEUROGR,900419 | 0 | RMN SISTEMA NERVIOSO PERIFERICO (NEUROGR | RMN SISTEMA NERVIOSO PERIFERICO (NEUROGR |  | Resonancia Magnetica | RESONANCIA MAGNETICA | Práctica | Sí | Unico,RMN SISTEMA NERVIOSO PERIFERICO (NEUROGR,False,False,False,False,False,False,base_no_separada
Prácticas-Resonancias.xls,Practicas,107,900297,RMN TESTICULAR,900297 | 0 | RMN TESTICULAR | RMN TESTICULAR |  | Resonancia Magnetica | RESONANCIA MAGNETICA | Práctica | Sí | Unico,RMN TESTICULAR,False,False,False,False,False,False,base_no_separada
Prácticas-Resonancias.xls,Practicas,108,342005,RMN TIROIDEA,342005 | 0 | RMN TIROIDEA | RMN TIROIDEA |  | Resonancia Magnetica | RESONANCIA MAGNETICA | Práctica | Sí | Unico,RMN TIROIDEA,False,False,False,False,False,False,base_no_separada
Prácticas-Resonancias.xls,Practicas,109,900309,RMN TOBILLO,900309 | 0 | RMN TOBILLO | RMN TOBILLO |  | Resonancia Magnetica | RESONANCIA MAGNETICA | Práctica | Sí | Unico,RMN TOBILLO,False,False,False,False,False,False,base_no_separada
Prácticas-Resonancias.xls,Practicas,110,900271,RMN TORAX (MEDIASTINO),900271 | 0 | RMN TORAX (MEDIASTINO) | RMN TORAX (MEDIASTINO) |  | Resonancia Magnetica | RESONANCIA MAGNETICA | Práctica | Sí | Unico,RMN TORAX (MEDIASTINO),False,False,False,False,False,False,base_no_separada
Prácticas-Resonancias.xls,Practicas,111,900273,RMN TORAX (PULMON),900273 | 0 | RMN TORAX (PULMON) | RMN TORAX (PULMON) |  | Resonancia Magnetica | RESONANCIA MAGNETICA | Práctica | Sí | Unico,RMN TORAX (PULMON),False,False,False,False,False,False,base_no_separada
Prácticas-Resonancias.xls,Practicas,112,3006820,SOL.FISIOLOGICA 250cc,3006820 | 0 | SOL.FISIOLOGICA 250cc | SOL.FISIOLOGICA 250cc. |  | Resonancia Magnetica | RESONANCIA MAGNETICA | Set de Farmacia | No |,SOL FISIOLOGICA 250CC,False,False,False,False,False,False,
Prácticas-Resonancias.xls,Practicas,113,900355,SUSTANCIA DE CONTRASTE,900355 | 0 | SUSTANCIA DE CONTRASTE | SUSTANCIA DE CONTRASTE |  | Resonancia Magnetica | RESONANCIA MAGNETICA | Práctica | Sí | Unico,SUSTANCIA DE CONTRASTE,False,False,False,False,False,False,base_no_separada
Prácticas-Resonancias.xls,Practicas,114,900185,URORESONANCIA UNA REGION,900185 | 0 | URORESONANCIA UNA REGION | URORESONANCIA UNA REGION |  | Resonancia Magnetica | RESONANCIA MAGNETICA | Práctica | Sí | Unico,URORESONANCIA UNA REGION,False,False,False,False,False,False,base_no_separada
Prácticas-Tomografías.xls,Practicas,2,3006519,AGUJA DE PUNCION DE MEDULA OSEA,3006519 | 0 | AGUJA DE PUNCION DE MEDULA OSEA | AGUJA DE PUNCION DE MEDULA OSEA |  | Tomografia | TOMOGRAFIA HELIC.2 C/S/CONTRAS | Set de Farmacia | No |,AGUJA DE PUNCION DE MEDULA OSEA,False,False,False,False,True,False,posible_material_o_insumo;base_no_separada
Prácticas-Tomografías.xls,Practicas,3,3008973,AGUJA P/BIOPSIA BARD MAGNUM,3008973 | 0 | AGUJA P/BIOPSIA BARD MAGNUM | AGUJA P/BIOPSIA BARD MAGNUM |  | Tomografia | TOMOGRAFIA HELIC.2 C/S/CONTRAS | Set de Farmacia | No |,AGUJA P/BIOPSIA BARD MAGNUM,False,False,False,False,True,False,posible_material_o_insumo;base_no_separada
Prácticas-Tomografías.xls,Practicas,4,901322,ANGIOTAC OTROS ORGANOS CON CONTRASTE,901322 | 0 | ANGIOTAC OTROS ORGANOS CON CONTRASTE | ANGIOTAC OTROS ORGANOS CON CONTRASTE |  | Tomografia | TOMOGRAFIA HELIC.2 C/S/CONTRAS | Práctica | Sí | Unico,ANGIOTAC OTROS ORGANOS,True,True,False,False,False,True,
Prácticas-Tomografías.xls,Practicas,5,901323,ANGIOTAC OTROS ORGANOS SIN CONTRASTE,901323 | 0 | ANGIOTAC OTROS ORGANOS SIN CONTRASTE | ANGIOTAC OTROS ORGANOS SIN CONTRASTE |  | Tomografia | TOMOGRAFIA HELIC.2 C/S/CONTRAS | Práctica | Sí | Unico,ANGIOTAC OTROS ORGANOS,True,False,True,False,False,True,angio_con_sin_contraste_incompatible
Prácticas-Tomografías.xls,Practicas,6,901311,ANGIOTOMOGRAFIA ABDOMINAL,901311 | 0 | ANGIOTOMOGRAFIA ABDOMINAL | ANGIOTOMOGRAFIA ABDOMINAL |  | Tomografia | TOMOGRAFIA HELIC.2 C/S/CONTRAS | Práctica | Sí | Unico,ANGIOTOMOGRAFIA ABDOMINAL,True,False,False,False,False,True,angio_sin_contraste_explicito;base_no_separada
Prácticas-Tomografías.xls,Practicas,7,900166,ANGIOTOMOGRAFIA AORTA ABDOMINAL,900166 | 0 | ANGIOTOMOGRAFIA AORTA ABDOMINAL | ANGIOTOMOGRAFIA AORTA ABDOMINAL |  | Tomografia | TOMOGRAFIA HELIC.2 C/S/CONTRAS | Práctica | Sí | Unico,ANGIOTOMOGRAFIA AORTA ABDOMINAL,True,False,False,False,False,True,angio_sin_contraste_explicito;base_no_separada
Prácticas-Tomografías.xls,Practicas,8,900913,ANGIOTOMOGRAFIA ARTERIAL CON RECONSTRUCC,900913 | 0 | ANGIOTOMOGRAFIA ARTERIAL CON RECONSTRUCC | ANGIOTOMOGRAFIA ARTERIAL CON RECONSTRUCC |  | Tomografia | TOMOGRAFIA HELIC.2 C/S/CONTRAS | Práctica | Sí | Unico,ANGIOTOMOGRAFIA ARTERIAL CON RECONSTRUCC,True,False,False,False,False,True,angio_sin_contraste_explicito;base_no_separada
Prácticas-Tomografías.xls,Practicas,9,902225,ANGIOTOMOGRAFIA CARDIACA,902225 | 0 | ANGIOTOMOGRAFIA CARDIACA | ANGIOTOMOGRAFIA CARDIACA |  | Tomografia | TOMOGRAFIA HELIC.2 C/S/CONTRAS | Práctica | Sí | Unico,ANGIOTOMOGRAFIA CARDIACA,True,False,False,False,False,True,angio_sin_contraste_explicito;base_no_separada
Prácticas-Tomografías.xls,Practicas,10,901233,ANGIOTOMOGRAFIA CORONARIA,901233 | 0 | ANGIOTOMOGRAFIA CORONARIA | ANGIOTOMOGRAFIA CORONARIA |  | Tomografia | TOMOGRAFIA HELIC.2 C/S/CONTRAS | Práctica | Sí | Unico,ANGIOTOMOGRAFIA CORONARIA,True,False,False,False,False,True,angio_sin_contraste_explicito;base_no_separada
Prácticas-Tomografías.xls,Practicas,11,901234,ANGIOTOMOGRAFIA DE CEREBRO,901234 | 0 | ANGIOTOMOGRAFIA DE CEREBRO | ANGIOTOMOGRAFIA DE CEREBRO |  | Tomografia | TOMOGRAFIA HELIC.2 C/S/CONTRAS | Práctica | Sí | Unico,ANGIOTOMOGRAFIA DE CEREBRO,True,False,False,False,False,True,angio_sin_contraste_explicito;base_no_separada
Prácticas-Tomografías.xls,Practicas,12,901235,ANGIOTOMOGRAFIA DE CUELLO,901235 | 0 | ANGIOTOMOGRAFIA DE CUELLO | ANGIOTOMOGRAFIA DE CUELLO |  | Tomografia | TOMOGRAFIA HELIC.2 C/S/CONTRAS | Práctica | Sí | Unico,ANGIOTOMOGRAFIA DE CUELLO,True,False,False,False,False,True,angio_sin_contraste_explicito;base_no_separada
Prácticas-Tomografías.xls,Practicas,13,901237,ANGIOTOMOGRAFIA DE CUERPO ENTERO,901237 | 0 | ANGIOTOMOGRAFIA DE CUERPO ENTERO | ANGIOTOMOGRAFIA DE CUERPO ENTERO |  | Tomografia | TOMOGRAFIA HELIC.2 C/S/CONTRAS | Práctica | Sí | Unico,ANGIOTOMOGRAFIA DE CUERPO ENTERO,True,False,False,False,False,True,angio_sin_contraste_explicito;base_no_separada
Prácticas-Tomografías.xls,Practicas,14,901238,ANGIOTOMOGRAFIA DE MIEMBROS INFERIORES,901238 | 0 | ANGIOTOMOGRAFIA DE MIEMBROS INFERIORES | ANGIOTOMOGRAFIA DE MIEMBROS INFERIORES |  | Tomografia | TOMOGRAFIA HELIC.2 C/S/CONTRAS | Práctica | Sí | Unico,ANGIOTOMOGRAFIA DE MIEMBROS INFERIORES,True,False,False,False,False,True,angio_sin_contraste_explicito;base_no_separada
Prácticas-Tomografías.xls,Practicas,15,901239,ANGIOTOMOGRAFIA DE MIEMBROS SUPERIORES,901239 | 0 | ANGIOTOMOGRAFIA DE MIEMBROS SUPERIORES | ANGIOTOMOGRAFIA DE MIEMBROS SUPERIORES |  | Tomografia | TOMOGRAFIA HELIC.2 C/S/CONTRAS | Práctica | Sí | Unico,ANGIOTOMOGRAFIA DE MIEMBROS SUPERIORES,True,False,False,False,False,True,angio_sin_contraste_explicito;base_no_separada
Prácticas-Tomografías.xls,Practicas,16,901312,ANGIOTOMOGRAFIA DE VASOS CRANEALES,901312 | 0 | ANGIOTOMOGRAFIA DE VASOS CRANEALES | ANGIOTOMOGRAFIA DE VASOS CRANEALES |  | Tomografia | TOMOGRAFIA HELIC.2 C/S/CONTRAS | Práctica | Sí | Unico,ANGIOTOMOGRAFIA DE VASOS CRANEALES,True,False,False,False,False,True,angio_sin_contraste_explicito;base_no_separada
Prácticas-Tomografías.xls,Practicas,17,900167,ANGIOTOMOGRAFIA DE VASOS ILIACOS 3D,900167 | 0 | ANGIOTOMOGRAFIA DE VASOS ILIACOS 3D | ANGIOTOMOGRAFIA DE VASOS ILIACOS 3D |  | Tomografia | TOMOGRAFIA HELIC.2 C/S/CONTRAS | Práctica | Sí | Unico,ANGIOTOMOGRAFIA DE VASOS ILIACOS 3D,True,False,False,False,False,True,angio_sin_contraste_explicito;base_no_separada
Prácticas-Tomografías.xls,Practicas,18,902226,ANGIOTOMOGRAFIA PARA TAVI,902226 | 0 | ANGIOTOMOGRAFIA PARA TAVI | ANGIOTOMOGRAFIA PARA TAVI |  | Tomografia | TOMOGRAFIA HELIC.2 C/S/CONTRAS | Práctica | Sí | Unico,ANGIOTOMOGRAFIA PARA TAVI,True,False,False,False,False,True,angio_sin_contraste_explicito;base_no_separada
Prácticas-Tomografías.xls,Practicas,19,901243,ANGIOTOMOGRAFIA PELVICA,901243 | 0 | ANGIOTOMOGRAFIA PELVICA | ANGIOTOMOGRAFIA PELVICA |  | Tomografia | TOMOGRAFIA HELIC.2 C/S/CONTRAS | Práctica | Sí | Unico,ANGIOTOMOGRAFIA PELVICA,True,False,False,False,False,True,angio_sin_contraste_explicito;base_no_separada
Prácticas-Tomografías.xls,Practicas,20,900061,ANGIOTOMOGRAFIA PULMONAR,900061 | 0 | ANGIOTOMOGRAFIA PULMONAR | ANGIOTOMOGRAFIA PULMONAR |  | Tomografia | TOMOGRAFIA HELIC.2 C/S/CONTRAS | Práctica | Sí | Unico,ANGIOTOMOGRAFIA PULMONAR,True,False,False,False,False,True,angio_sin_contraste_explicito;base_no_separada
Prácticas-Tomografías.xls,Practicas,21,901310,ANGIOTOMOGRAFIA TORACICA,901310 | 0 | ANGIOTOMOGRAFIA TORACICA | ANGIOTOMOGRAFIA TORACICA |  | Tomografia | TOMOGRAFIA HELIC.2 C/S/CONTRAS | Práctica | Sí | Unico,ANGIOTOMOGRAFIA TORACICA,True,False,False,False,False,True,angio_sin_contraste_explicito;base_no_separada
Prácticas-Tomografías.xls,Practicas,22,901242,ANGIOTOMOGRAFIA VASOS PULMONARES,901242 | 0 | ANGIOTOMOGRAFIA VASOS PULMONARES | ANGIOTOMOGRAFIA VASOS PULMONARES |  | Tomografia | TOMOGRAFIA HELIC.2 C/S/CONTRAS | Práctica | Sí | Unico,ANGIOTOMOGRAFIA VASOS PULMONARES,True,False,False,False,False,True,angio_sin_contraste_explicito;base_no_separada
Prácticas-Tomografías.xls,Practicas,23,900914,ANGIOTOMOGRAFIA VENOSA CON RECONSTRUCCIO,900914 | 0 | ANGIOTOMOGRAFIA VENOSA CON RECONSTRUCCIO | ANGIOTOMOGRAFIA VENOSA CON RECONSTRUCCIO |  | Tomografia | TOMOGRAFIA HELIC.2 C/S/CONTRAS | Práctica | Sí | Unico,ANGIOTOMOGRAFIA VENOSA CON RECONSTRUCCIO,True,False,False,False,False,True,angio_sin_contraste_explicito;base_no_separada
Prácticas-Tomografías.xls,Practicas,24,900446,BLOQUEO FACETARIO BAJO TAC,900446 | 0 | BLOQUEO FACETARIO BAJO TAC | BLOQUEO FACETARIO BAJO TAC |  | Tomografia | TOMOGRAFIA HELIC.2 C/S/CONTRAS | Práctica | Sí | Unico,BLOQUEO FACETARIO BAJO TAC,False,False,False,False,False,False,base_no_separada
Prácticas-Tomografías.xls,Practicas,25,900441,BLOQUEO PERIDURAL BAJO TAC,900441 | 0 | BLOQUEO PERIDURAL BAJO TAC | BLOQUEO PERIDURAL BAJO TAC |  | Tomografia | TOMOGRAFIA HELIC.2 C/S/CONTRAS | Práctica | Sí | Unico,BLOQUEO PERIDURAL BAJO TAC,False,False,False,False,False,False,base_no_separada
Prácticas-Tomografías.xls,Practicas,26,900413,BLOQUEO RADICULAR BAJO TAC,900413 | 0 | BLOQUEO RADICULAR BAJO TAC | BLOQUEO RADICULAR BAJO TAC |  | Tomografia | TOMOGRAFIA HELIC.2 C/S/CONTRAS | Práctica | Sí | Unico,BLOQUEO RADICULAR BAJO TAC,False,False,False,False,False,False,base_no_separada
Prácticas-Tomografías.xls,Practicas,27,341317,BLOQUEO RADICULAR Y/O FACETARIO SELECTIV,341317 | 0 | BLOQUEO RADICULAR Y/O FACETARIO SELECTIV | BLOQUEO RADICULAR Y/O FACETARIO SELECTIV |  | Tomografia | TOMOGRAFIA HELIC.2 C/S/CONTRAS | Práctica | Sí | Unico,BLOQUEO RADICULAR Y/O FACETARIO SELECTIV,False,False,False,False,False,False,base_no_separada
Prácticas-Tomografías.xls,Practicas,28,3010000,Contraste,3010000 | 0 | Contraste | Contraste |  | Tomografia | TOMOGRAFIA HELIC.2 C/S/CONTRAS | Set de Farmacia | No |,CONTRASTE,False,False,False,False,False,False,base_no_separada
Prácticas-Tomografías.xls,Practicas,29,3008977,DILTIAZEM,3008977 | 0 | DILTIAZEM | DILTIAZEM |  | Tomografia | TOMOGRAFIA HELIC.2 C/S/CONTRAS | Set de Farmacia | No |,DILTIAZEM,False,False,False,False,False,False,base_no_separada
Prácticas-Tomografías.xls,Practicas,30,900082,DRENAJE PERCUTANEO BAJO TAC HELICOIDAL,900082 | 0 | DRENAJE PERCUTANEO BAJO TAC HELICOIDAL | DRENAJE PERCUTANEO BAJO TAC HELICOIDAL |  | Tomografia | TOMOGRAFIA HELIC.2 C/S/CONTRAS | Práctica | Sí | Unico,DRENAJE PERCUTANEO BAJO TAC HELICOIDAL,False,False,False,False,False,False,base_no_separada
Prácticas-Tomografías.xls,Practicas,31,900034,DRENAJES Y/O PROCEDIMIENTOS SIMILARES BA,900034 | 0 | DRENAJES Y/O PROCEDIMIENTOS SIMILARES BA | DRENAJES Y/O PROCEDIMIENTOS SIMILARES BA |  | Tomografia | TOMOGRAFIA HELIC.2 C/S/CONTRAS | Práctica | Sí | Unico,DRENAJES Y/O PROCEDIMIENTOS SIMILARES BA,False,False,False,False,False,False,base_no_separada
Prácticas-Tomografías.xls,Practicas,32,3008518,HEPARINA 5000UI X ML - fco x 10 ml,3008518 | 0 | HEPARINA 5000UI X ML - fco x 10 ml | HEPARINA 5000UI X ML - fco x 10 ml |  | Tomografia | TOMOGRAFIA HELIC.2 C/S/CONTRAS | Set de Farmacia | No |,HEPARINA 5000UI X ML - FCO X 10 ML,False,False,False,False,False,False,base_no_separada
Prácticas-Tomografías.xls,Practicas,33,3008205,IOPAMIRON 370,3008205 | 0 | IOPAMIRON 370 | IOPAMIRON 370 |  | Tomografia | TOMOGRAFIA HELIC.2 C/S/CONTRAS | Set de Farmacia | No |,IOPAMIRON 370,False,False,False,False,False,False,base_no_separada
Prácticas-Tomografías.xls,Practicas,34,3008849,ISOSORBIDA DINITRATO,3008849 | 0 | ISOSORBIDA DINITRATO | ISOSORBIDA DINITRATO |  | Tomografia | TOMOGRAFIA HELIC.2 C/S/CONTRAS | Set de Farmacia | No |,ISOSORBIDA DINITRATO,False,False,False,False,False,False,base_no_separada
Prácticas-Tomografías.xls,Practicas,35,3000571,LLAVE DE 3 VIAS  E-151,3000571 | 0 | LLAVE DE 3 VIAS  E-151 | LLAVE DE 3 VIAS  E-151 |  | Tomografia | TOMOGRAFIA HELIC.2 C/S/CONTRAS | Set de Farmacia | No |,LLAVE DE 3 VIAS E-151,False,False,False,False,True,False,posible_material_o_insumo;base_no_separada
Prácticas-Tomografías.xls,Practicas,36,3008726,METILPREDNISOLONA 500 MG,3008726 | 0 | METILPREDNISOLONA 500 MG | METILPREDNISOLONA 500 MG |  | Tomografia | TOMOGRAFIA HELIC.2 C/S/CONTRAS | Set de Farmacia | No |,METILPREDNISOLONA 500 MG,False,False,False,False,False,False,base_no_separada
Prácticas-Tomografías.xls,Practicas,37,3008469,PROPRANOLOL CLORHIDRATO INY IV,3008469 | 0 | PROPRANOLOL CLORHIDRATO INY IV | PROPRANOLOL CLORHIDRATO INY IV |  | Tomografia | TOMOGRAFIA HELIC.2 C/S/CONTRAS | Set de Farmacia | No |,PROPRANOLOL CLORHIDRATO INY IV,False,False,False,False,False,False,base_no_separada
Prácticas-Tomografías.xls,Practicas,38,900062,PUNCION ASPIRATIVA RENAL BAJO TAC,900062 | 0 | PUNCION ASPIRATIVA RENAL BAJO TAC | PUNCION ASPIRATIVA RENAL BAJO TAC |  | Tomografia | TOMOGRAFIA HELIC.2 C/S/CONTRAS | Práctica | Sí | Unico,PUNCION ASPIRATIVA RENAL BAJO TAC,False,False,False,False,True,False,posible_material_o_insumo;base_no_separada
Prácticas-Tomografías.xls,Practicas,39,341313,PUNCION BIOPSIA ARTICULAR BAJO TAC,341313 | 0 | PUNCION BIOPSIA ARTICULAR BAJO TAC | PUNCION BIOPSIA ARTICULAR BAJO TAC |  | Tomografia | TOMOGRAFIA HELIC.2 C/S/CONTRAS | Práctica | Sí | Unico,PUNCION BIOPSIA ARTICULAR BAJO TAC,False,False,False,False,True,False,posible_material_o_insumo;base_no_separada
Prácticas-Tomografías.xls,Practicas,40,900080,PUNCION BIOPSIA BAJO CONTROL TOMOGRAFICO,900080 | 0 | PUNCION BIOPSIA BAJO CONTROL TOMOGRAFICO | PUNCION BIOPSIA BAJO CONTROL TOMOGRAFICO |  | Tomografia | TOMOGRAFIA HELIC.2 C/S/CONTRAS | Práctica | Sí | Unico,PUNCION BIOPSIA BAJO CONTROL TOMOGRAFICO,False,False,False,False,True,False,posible_material_o_insumo;base_no_separada
Prácticas-Tomografías.xls,Practicas,41,341309,PUNCION BIOPSIA BOLSA SEROSA BAJO TAC,341309 | 0 | PUNCION BIOPSIA BOLSA SEROSA BAJO TAC | PUNCION BIOPSIA BOLSA SEROSA BAJO TAC |  | Tomografia | TOMOGRAFIA HELIC.2 C/S/CONTRAS | Práctica | Sí | Unico,PUNCION BIOPSIA BOLSA SEROSA BAJO TAC,False,False,False,False,True,False,posible_material_o_insumo;base_no_separada
Prácticas-Tomografías.xls,Practicas,42,341308,PUNCION BIOPSIA DE PROSTATA BAJO TAC,341308 | 0 | PUNCION BIOPSIA DE PROSTATA BAJO TAC | PUNCION BIOPSIA DE PROSTATA BAJO TAC |  | Tomografia | TOMOGRAFIA HELIC.2 C/S/CONTRAS | Práctica | Sí | Unico,PUNCION BIOPSIA DE PROSTATA BAJO TAC,False,False,False,False,True,False,posible_material_o_insumo;base_no_separada
Prácticas-Tomografías.xls,Practicas,43,341306,PUNCION BIOPSIA DE PULMON BAJO TAC,341306 | 0 | PUNCION BIOPSIA DE PULMON BAJO TAC | PUNCION BIOPSIA DE PULMON BAJO TAC |  | Tomografia | TOMOGRAFIA HELIC.2 C/S/CONTRAS | Práctica | Sí | Unico,PUNCION BIOPSIA DE PULMON BAJO TAC,False,False,False,False,True,False,posible_material_o_insumo;base_no_separada
Prácticas-Tomografías.xls,Practicas,44,341311,PUNCION BIOPSIA DE VERTEBRA BAJO TAC,341311 | 0 | PUNCION BIOPSIA DE VERTEBRA BAJO TAC | PUNCION BIOPSIA DE VERTEBRA BAJO TAC |  | Tomografia | TOMOGRAFIA HELIC.2 C/S/CONTRAS | Práctica | Sí | Unico,PUNCION BIOPSIA DE VERTEBRA BAJO TAC,False,False,False,False,True,False,posible_material_o_insumo;base_no_separada
Prácticas-Tomografías.xls,Practicas,45,341310,PUNCION BIOPSIA GANGLIOS LINFATICOS BAJO,341310 | 0 | PUNCION BIOPSIA GANGLIOS LINFATICOS BAJO | PUNCION BIOPSIA GANGLIOS LINFATICOS BAJO |  | Tomografia | TOMOGRAFIA HELIC.2 C/S/CONTRAS | Práctica | Sí | Unico,PUNCION BIOPSIA GANGLIOS LINFATICOS BAJO,False,False,False,False,True,False,posible_material_o_insumo;base_no_separada
Prácticas-Tomografías.xls,Practicas,46,900039,PUNCION BIOPSIA HIGADO BAJO TAC,900039 | 0 | PUNCION BIOPSIA HIGADO BAJO TAC | PUNCION BIOPSIA HIGADO BAJO TAC |  | Tomografia | TOMOGRAFIA HELIC.2 C/S/CONTRAS | Práctica | Sí | Unico,PUNCION BIOPSIA HIGADO BAJO TAC,False,False,False,False,True,False,posible_material_o_insumo;base_no_separada
Prácticas-Tomografías.xls,Practicas,47,341314,PUNCION BIOPSIA OSEA BAJO TAC,341314 | 0 | PUNCION BIOPSIA OSEA BAJO TAC | PUNCION BIOPSIA OSEA BAJO TAC |  | Tomografia | TOMOGRAFIA HELIC.2 C/S/CONTRAS | Práctica | Sí | Unico,PUNCION BIOPSIA OSEA BAJO TAC,False,False,False,False,True,False,posible_material_o_insumo;base_no_separada
Prácticas-Tomografías.xls,Practicas,48,341305,PUNCION BIOPSIA PANCREATICA BAJO TAC,341305 | 0 | PUNCION BIOPSIA PANCREATICA BAJO TAC | PUNCION BIOPSIA PANCREATICA BAJO TAC |  | Tomografia | TOMOGRAFIA HELIC.2 C/S/CONTRAS | Práctica | Sí | Unico,PUNCION BIOPSIA PANCREATICA BAJO TAC,False,False,False,False,True,False,posible_material_o_insumo;base_no_separada
Prácticas-Tomografías.xls,Practicas,49,900042,PUNCION BIOPSIA RENAL BAJO TAC,900042 | 0 | PUNCION BIOPSIA RENAL BAJO TAC | PUNCION BIOPSIA RENAL BAJO TAC |  | Tomografia | TOMOGRAFIA HELIC.2 C/S/CONTRAS | Práctica | Sí | Unico,PUNCION BIOPSIA RENAL BAJO TAC,False,False,False,False,True,False,posible_material_o_insumo;base_no_separada
Prácticas-Tomografías.xls,Practicas,50,900078,PUNCION BIOPSIA VEJIGA BAJO TAC,900078 | 0 | PUNCION BIOPSIA VEJIGA BAJO TAC | PUNCION BIOPSIA VEJIGA BAJO TAC |  | Tomografia | TOMOGRAFIA HELIC.2 C/S/CONTRAS | Práctica | Sí | Unico,PUNCION BIOPSIA VEJIGA BAJO TAC,False,False,False,False,True,False,posible_material_o_insumo;base_no_separada
Prácticas-Tomografías.xls,Practicas,51,341312,PUNCION BIOPSIA Y/O ASPIRATIVA OTROS ORG,341312 | 0 | PUNCION BIOPSIA Y/O ASPIRATIVA OTROS ORG | PUNCION BIOPSIA Y/O ASPIRATIVA OTROS ORG |  | Tomografia | TOMOGRAFIA HELIC.2 C/S/CONTRAS | Práctica | Sí | Unico,PUNCION BIOPSIA Y/O ASPIRATIVA OTROS ORG,False,False,False,False,True,False,posible_material_o_insumo;base_no_separada
Prácticas-Tomografías.xls,Practicas,52,901244,SCORE DE CALCIO CORONARIO,901244 | 0 | SCORE DE CALCIO CORONARIO | SCORE DE CALCIO CORONARIO |  | Tomografia | TOMOGRAFIA HELIC.2 C/S/CONTRAS | Práctica | Sí | Unico,SCORE DE CALCIO CORONARIO,False,False,False,False,False,False,base_no_separada
Prácticas-Tomografías.xls,Practicas,53,901302,TAC 3D CADERAS,901302 | 0 | TAC 3D CADERAS | TAC 3D CADERAS |  | Tomografia | TOMOGRAFIA HELIC.2 C/S/CONTRAS | Práctica | Sí | Unico,TAC 3D CADERAS,False,False,False,False,False,False,base_no_separada
Prácticas-Tomografías.xls,Practicas,54,901300,TAC 3D COLUMNA,901300 | 0 | TAC 3D COLUMNA | TAC 3D COLUMNA |  | Tomografia | TOMOGRAFIA HELIC.2 C/S/CONTRAS | Práctica | Sí | Unico,TAC 3D COLUMNA,False,False,False,False,False,False,base_no_separada
Prácticas-Tomografías.xls,Practicas,55,901301,TAC 3D MACIZO FACIAL,901301 | 0 | TAC 3D MACIZO FACIAL | TAC 3D MACIZO FACIAL |  | Tomografia | TOMOGRAFIA HELIC.2 C/S/CONTRAS | Práctica | Sí | Unico,TAC 3D MACIZO FACIAL,False,False,False,False,False,False,base_no_separada
Prácticas-Tomografías.xls,Practicas,56,900832,TAC 3D ORBITAS,900832 | 0 | TAC 3D ORBITAS | TAC 3D ORBITAS |  | Tomografia | TOMOGRAFIA HELIC.2 C/S/CONTRAS | Práctica | Sí | Unico,TAC 3D ORBITAS,False,False,False,False,False,False,base_no_separada
Prácticas-Tomografías.xls,Practicas,57,901303,TAC 3D RODILLA,901303 | 0 | TAC 3D RODILLA | TAC 3D RODILLA |  | Tomografia | TOMOGRAFIA HELIC.2 C/S/CONTRAS | Práctica | Sí | Unico,TAC 3D RODILLA,False,False,False,False,False,False,base_no_separada
Prácticas-Tomografías.xls,Practicas,58,341008,TAC ABDOMEN y PELVIS (cont oral),341008 | 0 | TAC ABDOMEN y PELVIS (cont oral) | TAC ABDOMEN y PELVIS (cont oral) |  | Tomografia | TOMOGRAFIA HELIC.2 C/S/CONTRAS | Práctica | Sí | Unico,TAC ABDOMEN Y PELVIS (CONT ORAL),False,False,False,False,False,False,base_no_separada
Prácticas-Tomografías.xls,Practicas,59,900908,TAC ALTA RESOLUCION AMBOS PENASCOS,900908 | 0 | TAC ALTA RESOLUCION AMBOS PENASCOS | TAC ALTA RESOLUCION AMBOS PENASCOS |  | Tomografia | TOMOGRAFIA HELIC.2 C/S/CONTRAS | Práctica | Sí | Unico,TAC ALTA RESOLUCION AMBOS PENASCOS,False,False,False,False,False,False,base_no_separada
Prácticas-Tomografías.xls,Practicas,60,901217,TAC ALTA RESOLUCION OIDOS,901217 | 0 | TAC ALTA RESOLUCION OIDOS | TAC ALTA RESOLUCION OIDOS |  | Tomografia | TOMOGRAFIA HELIC.2 C/S/CONTRAS | Práctica | Sí | Unico,TAC ALTA RESOLUCION OIDOS,False,False,False,False,False,False,base_no_separada
Prácticas-Tomografías.xls,Practicas,61,901218,TAC ALTA RESOLUCION OIDOS CON CONTRASTE,901218 | 0 | TAC ALTA RESOLUCION OIDOS CON CONTRASTE | TAC ALTA RESOLUCION OIDOS CON CONTRASTE |  | Tomografia | TOMOGRAFIA HELIC.2 C/S/CONTRAS | Práctica | Sí | Unico,TAC ALTA RESOLUCION OIDOS,False,True,False,False,False,True,
Prácticas-Tomografías.xls,Practicas,62,901219,TAC ALTA RESOLUCION OTROS ORGANOS,901219 | 0 | TAC ALTA RESOLUCION OTROS ORGANOS | TAC ALTA RESOLUCION OTROS ORGANOS |  | Tomografia | TOMOGRAFIA HELIC.2 C/S/CONTRAS | Práctica | Sí | Unico,TAC ALTA RESOLUCION OTROS ORGANOS,False,False,False,False,False,False,base_no_separada
Prácticas-Tomografías.xls,Practicas,63,901220,TAC ALTA RESOLUCION OTROS ORGANOS CON CONTRASTE,901220 | 0 | TAC ALTA RESOLUCION OTROS ORGANOS CON CONTRASTE | TAC ALTA RESOLUCION OTROS ORGANOS CON CONTRASTE |  | Tomografia | TOMOGRAFIA HELIC.2 C/S/CONTRAS | Práctica | Sí | Unico,TAC ALTA RESOLUCION OTROS ORGANOS,False,True,False,False,False,True,
Prácticas-Tomografías.xls,Practicas,64,900911,TAC ALTA RESOLUCION PULMONAR,900911 | 0 | TAC ALTA RESOLUCION PULMONAR | TAC ALTA RESOLUCION PULMONAR |  | Tomografia | TOMOGRAFIA HELIC.2 C/S/CONTRAS | Práctica | Sí | Unico,TAC ALTA RESOLUCION PULMONAR,False,False,False,False,False,False,base_no_separada
Prácticas-Tomografías.xls,Practicas,65,900912,TAC ALTA RESOLUCION PULMONAR CON CTE,900912 | 0 | TAC ALTA RESOLUCION PULMONAR CON CTE | TAC ALTA RESOLUCION PULMONAR CON CTE |  | Tomografia | TOMOGRAFIA HELIC.2 C/S/CONTRAS | Práctica | Sí | Unico,TAC ALTA RESOLUCION PULMONAR CON CTE,False,False,False,False,False,False,base_no_separada
Prácticas-Tomografías.xls,Practicas,66,901215,TAC ALTA RESOLUCION TORACICA,901215 | 0 | TAC ALTA RESOLUCION TORACICA | TAC ALTA RESOLUCION TORACICA |  | Tomografia | TOMOGRAFIA HELIC.2 C/S/CONTRAS | Práctica | Sí | Unico,TAC ALTA RESOLUCION TORACICA,False,False,False,False,False,False,base_no_separada
Prácticas-Tomografías.xls,Practicas,67,901216,TAC ALTA RESOLUCION TORACICA CON CONTRASTE,901216 | 0 | TAC ALTA RESOLUCION TORACICA CON CONTRASTE | TAC ALTA RESOLUCION TORACICA CON CONTRASTE |  | Tomografia | TOMOGRAFIA HELIC.2 C/S/CONTRAS | Práctica | Sí | Unico,TAC ALTA RESOLUCION TORACICA,False,True,False,False,False,True,
Prácticas-Tomografías.xls,Practicas,68,900904,TAC CADERA,900904 | 0 | TAC CADERA | TAC CADERA |  | Tomografia | TOMOGRAFIA HELIC.2 C/S/CONTRAS | Práctica | Sí | Unico,TAC CADERA,False,False,False,False,False,False,base_no_separada
Prácticas-Tomografías.xls,Practicas,69,341001,TAC CEREBRAL (sin contraste),341001 | 0 | TAC CEREBRAL (sin contraste) | TAC CEREBRAL (sin contraste) |  | Tomografia | TOMOGRAFIA HELIC.2 C/S/CONTRAS | Práctica | Sí | Unico,TAC CEREBRAL ( ),False,False,True,False,False,True,
Prácticas-Tomografías.xls,Practicas,70,341003,TAC CEREBRAL DE CONTROL (s/contraste),341003 | 0 | TAC CEREBRAL DE CONTROL (s/contraste) | TAC CEREBRAL DE CONTROL (s/contraste) |  | Tomografia | TOMOGRAFIA HELIC.2 C/S/CONTRAS | Práctica | Sí | Unico,TAC CEREBRAL DE CONTROL (S/CONTRASTE),False,False,False,False,False,False,base_no_separada
Prácticas-Tomografías.xls,Practicas,71,341002,TAC CEREBRAL REFORZADA (con contraste),341002 | 0 | TAC CEREBRAL REFORZADA (con contraste) | TAC CEREBRAL REFORZADA (con contraste) |  | Tomografia | TOMOGRAFIA HELIC.2 C/S/CONTRAS | Práctica | Sí | Unico,TAC CEREBRAL REFORZADA ( ),False,True,False,False,False,True,
Prácticas-Tomografías.xls,Practicas,72,901619,TAC CODOS UNILATERAL,901619 | 0 | TAC CODOS UNILATERAL | TAC CODOS UNILATERAL |  | Tomografia | TOMOGRAFIA HELIC.2 C/S/CONTRAS | Práctica | Sí | Unico,TAC CODOS UNILATERAL,False,False,False,False,False,False,base_no_separada
Prácticas-Tomografías.xls,Practicas,73,341013,TAC COLUMNA (sin contraste),341013 | 0 | TAC COLUMNA (sin contraste) | TAC COLUMNA (sin contraste) |  | Tomografia | TOMOGRAFIA HELIC.2 C/S/CONTRAS | Práctica | Sí | Unico,TAC COLUMNA ( ),False,False,True,False,False,True,
Prácticas-Tomografías.xls,Practicas,74,900101,TAC DE ABDOMEN C/CONTRASTE,900101 | 0 | TAC DE ABDOMEN C/CONTRASTE | TAC DE ABDOMEN C/CONTRASTE |  | Tomografia | TOMOGRAFIA HELIC.2 C/S/CONTRAS | Práctica | Sí | Unico,TAC DE ABDOMEN C/CONTRASTE,False,False,False,False,False,False,base_no_separada
Prácticas-Tomografías.xls,Practicas,75,341032,TAC DE PELVIS CON CONTRASTE,341032 | 0 | TAC DE PELVIS CON CONTRASTE | TAC DE PELVIS CON CONTRASTE |  | Tomografia | TOMOGRAFIA HELIC.2 C/S/CONTRAS | Práctica | Sí | Unico,TAC DE PELVIS,False,True,False,False,False,True,
Prácticas-Tomografías.xls,Practicas,76,341014,TAC DE PELVIS SIN CONTRASTE,341014 | 0 | TAC DE PELVIS SIN CONTRASTE | TAC DE PELVIS SIN CONTRASTE |  | Tomografia | TOMOGRAFIA HELIC.2 C/S/CONTRAS | Práctica | Sí | Unico,TAC DE PELVIS,False,False,True,False,False,True,
Prácticas-Tomografías.xls,Practicas,77,901211,TAC DINAMICA EN 3 FASES ARTERIALES,901211 | 0 | TAC DINAMICA EN 3 FASES ARTERIALES | TAC DINAMICA EN 3 FASES ARTERIALES |  | Tomografia | TOMOGRAFIA HELIC.2 C/S/CONTRAS | Práctica | Sí | Unico,TAC DINAMICA EN 3 FASES ARTERIALES,False,False,False,False,False,False,base_no_separada
Prácticas-Tomografías.xls,Practicas,78,900903,TAC FEMUR,900903 | 0 | TAC FEMUR | TAC FEMUR |  | Tomografia | TOMOGRAFIA HELIC.2 C/S/CONTRAS | Práctica | Sí | Unico,TAC FEMUR,False,False,False,False,False,False,base_no_separada
Prácticas-Tomografías.xls,Practicas,79,341007,TAC GINECOLOGICA (sin contraste),341007 | 0 | TAC GINECOLOGICA (sin contraste) | TAC GINECOLOGICA (sin contraste) |  | Tomografia | TOMOGRAFIA HELIC.2 C/S/CONTRAS | Práctica | Sí | Unico,TAC GINECOLOGICA ( ),False,False,True,False,False,True,
Prácticas-Tomografías.xls,Practicas,80,900193,TAC GINECOLOGICA C/CONTRASTE,900193 | 0 | TAC GINECOLOGICA C/CONTRASTE | TAC GINECOLOGICA C/CONTRASTE |  | Tomografia | TOMOGRAFIA HELIC.2 C/S/CONTRAS | Práctica | Sí | Unico,TAC GINECOLOGICA C/CONTRASTE,False,False,False,False,False,False,base_no_separada
Prácticas-Tomografías.xls,Practicas,81,900194,TAC HEPATOBILIAR/RENAL (con contraste),900194 | 0 | TAC HEPATOBILIAR/RENAL (con contraste) | TAC HEPATOBILIAR/RENAL (con contraste) |  | Tomografia | TOMOGRAFIA HELIC.2 C/S/CONTRAS | Práctica | Sí | Unico,TAC HEPATOBILIAR/RENAL ( ),False,True,False,False,False,True,
Prácticas-Tomografías.xls,Practicas,82,341009,TAC HEPATOBILIAR/RENAL (sin contraste),341009 | 0 | TAC HEPATOBILIAR/RENAL (sin contraste) | TAC HEPATOBILIAR/RENAL (sin contraste) |  | Tomografia | TOMOGRAFIA HELIC.2 C/S/CONTRAS | Práctica | Sí | Unico,TAC HEPATOBILIAR/RENAL ( ),False,False,True,False,False,True,
Prácticas-Tomografías.xls,Practicas,83,900909,TAC MACIZO FACIAL CON CTE,900909 | 0 | TAC MACIZO FACIAL CON CTE | TAC MACIZO FACIAL CON  CTE |  | Tomografia | TOMOGRAFIA HELIC.2 C/S/CONTRAS | Práctica | Sí | Unico,TAC MACIZO FACIAL CON CTE,False,False,False,False,False,False,base_no_separada
Prácticas-Tomografías.xls,Practicas,84,900458,TAC MACIZO FACIAL SIN CONTRASTE,900458 | 0 | TAC MACIZO FACIAL SIN CONTRASTE | TAC MACIZO FACIAL SIN CONTRASTE |  | Tomografia | TOMOGRAFIA HELIC.2 C/S/CONTRAS | Práctica | Sí | Unico,TAC MACIZO FACIAL,False,False,True,False,False,True,
Prácticas-Tomografías.xls,Practicas,85,900192,TAC MAMARIA C/CONTRASTE,900192 | 0 | TAC MAMARIA C/CONTRASTE | TAC MAMARIA C/CONTRASTE |  | Tomografia | TOMOGRAFIA HELIC.2 C/S/CONTRAS | Práctica | Sí | Unico,TAC MAMARIA C/CONTRASTE,False,False,False,False,False,False,base_no_separada
Prácticas-Tomografías.xls,Practicas,86,341006,TAC MAMARIA SIN CONTRASTE,341006 | 0 | TAC MAMARIA SIN CONTRASTE | TAC MAMARIA SIN CONTRASTE |  | Tomografia | TOMOGRAFIA HELIC.2 C/S/CONTRAS | Práctica | Sí | Unico,TAC MAMARIA,False,False,True,False,False,True,
Prácticas-Tomografías.xls,Practicas,87,900840,TAC MANO CON CTE,900840 | 0 | TAC MANO CON CTE | TAC MANO CON CTE |  | Tomografia | TOMOGRAFIA HELIC.2 C/S/CONTRAS | Práctica | Sí | Unico,TAC MANO CON CTE,False,False,False,False,False,False,base_no_separada
Prácticas-Tomografías.xls,Practicas,88,900839,TAC MANO SIN CONTRASTE,900839 | 0 | TAC MANO SIN CONTRASTE | TAC MANO SIN CONTRASTE |  | Tomografia | TOMOGRAFIA HELIC.2 C/S/CONTRAS | Práctica | Sí | Unico,TAC MANO,False,False,True,False,False,True,
Prácticas-Tomografías.xls,Practicas,89,900837,TAC MUNECA CON CONTRASTE,900837 | 0 | TAC MUNECA CON CONTRASTE | TAC MUNECA CON CONTRASTE |  | Tomografia | TOMOGRAFIA HELIC.2 C/S/CONTRAS | Práctica | Sí | Unico,TAC MUNECA,False,True,False,False,False,True,
Prácticas-Tomografías.xls,Practicas,90,900835,TAC MUNECA SIN CONTRASTE,900835 | 0 | TAC MUNECA SIN CONTRASTE | TAC MUNECA SIN CONTRASTE |  | Tomografia | TOMOGRAFIA HELIC.2 C/S/CONTRAS | Práctica | Sí | Unico,TAC MUNECA,False,False,True,False,False,True,
Prácticas-Tomografías.xls,Practicas,91,341004,TAC OFTALMOLOGICA    (sin contraste),341004 | 0 | TAC OFTALMOLOGICA    (sin contraste) | TAC OFTALMOLOGICA    (sin contraste) |  | Tomografia | TOMOGRAFIA HELIC.2 C/S/CONTRAS | Práctica | Sí | Unico,TAC OFTALMOLOGICA ( ),False,False,True,False,False,True,
Prácticas-Tomografías.xls,Practicas,92,900190,TAC OFTALMOLOGICA C/CONTRASTE,900190 | 0 | TAC OFTALMOLOGICA C/CONTRASTE | TAC OFTALMOLOGICA C/CONTRASTE |  | Tomografia | TOMOGRAFIA HELIC.2 C/S/CONTRAS | Práctica | Sí | Unico,TAC OFTALMOLOGICA C/CONTRASTE,False,False,False,False,False,False,base_no_separada
Prácticas-Tomografías.xls,Practicas,93,900907,TAC OIDO,900907 | 0 | TAC OIDO | TAC OIDO |  | Tomografia | TOMOGRAFIA HELIC.2 C/S/CONTRAS | Práctica | Sí | Unico,TAC OIDO,False,False,False,False,False,False,base_no_separada
Prácticas-Tomografías.xls,Practicas,94,900831,TAC ORBITAS CON CTE,900831 | 0 | TAC ORBITAS CON CTE | TAC ORBITAS CON CTE |  | Tomografia | TOMOGRAFIA HELIC.2 C/S/CONTRAS | Práctica | Sí | Unico,TAC ORBITAS CON CTE,False,False,False,False,False,False,base_no_separada
Prácticas-Tomografías.xls,Practicas,95,900830,TAC ORBITAS SIN CTE,900830 | 0 | TAC ORBITAS SIN CTE | TAC ORBITAS SIN CTE |  | Tomografia | TOMOGRAFIA HELIC.2 C/S/CONTRAS | Práctica | Sí | Unico,TAC ORBITAS SIN CTE,False,False,False,False,False,False,base_no_separada
Prácticas-Tomografías.xls,Practicas,96,901232,TAC OSTEOARTICULAR 3D CON O SIN SUPRESION METALICA,901232 | 0 | TAC OSTEOARTICULAR 3D CON O SIN SUPRESION METALICA | TAC OSTEOARTICULAR 3D CON O SIN SUPRESION METALICA |  | Tomografia | TOMOGRAFIA HELIC.2 C/S/CONTRAS | Práctica | Sí | Unico,TAC OSTEOARTICULAR 3D CON O SIN SUPRESION METALICA,False,False,False,False,False,False,base_no_separada
Prácticas-Tomografías.xls,Practicas,97,900196,TAC OTROS ORGANOS (con contraste),900196 | 0 | TAC OTROS ORGANOS (con contraste) | TAC OTROS ORGANOS (con contraste) |  | Tomografia | TOMOGRAFIA HELIC.2 C/S/CONTRAS | Práctica | Sí | Unico,TAC OTROS ORGANOS ( ),False,True,False,False,False,True,
Prácticas-Tomografías.xls,Practicas,98,341012,TAC OTROS ORGANOS (sin contraste),341012 | 0 | TAC OTROS ORGANOS (sin contraste) | TAC OTROS ORGANOS (sin contraste) |  | Tomografia | TOMOGRAFIA HELIC.2 C/S/CONTRAS | Práctica | Sí | Unico,TAC OTROS ORGANOS ( ),False,False,True,False,False,True,
Prácticas-Tomografías.xls,Practicas,99,900836,TAC PIE CON CONTRASTE,900836 | 0 | TAC PIE CON CONTRASTE | TAC PIE CON CONTRASTE |  | Tomografia | TOMOGRAFIA HELIC.2 C/S/CONTRAS | Práctica | Sí | Unico,TAC PIE,False,True,False,False,False,True,
Prácticas-Tomografías.xls,Practicas,100,900900,TAC PIE SIN CTE,900900 | 0 | TAC PIE SIN CTE | TAC PIE SIN CTE |  | Tomografia | TOMOGRAFIA HELIC.2 C/S/CONTRAS | Práctica | Sí | Unico,TAC PIE SIN CTE,False,False,False,False,False,False,base_no_separada
Prácticas-Tomografías.xls,Practicas,101,900901,TAC PIERNA,900901 | 0 | TAC PIERNA | TAC PIERNA |  | Tomografia | TOMOGRAFIA HELIC.2 C/S/CONTRAS | Práctica | Sí | Unico,TAC PIERNA,False,False,False,False,False,False,base_no_separada
Prácticas-Tomografías.xls,Practicas,102,900915,TAC RECONSTRCCION OSEA 3D,900915 | 0 | TAC RECONSTRCCION OSEA 3D | TAC RECONSTRCCION OSEA 3D |  | Tomografia | TOMOGRAFIA HELIC.2 C/S/CONTRAS | Práctica | Sí | Unico,TAC RECONSTRCCION OSEA 3D,False,False,False,False,False,False,base_no_separada
Prácticas-Tomografías.xls,Practicas,103,900902,TAC RODILLA,900902 | 0 | TAC RODILLA | TAC RODILLA |  | Tomografia | TOMOGRAFIA HELIC.2 C/S/CONTRAS | Práctica | Sí | Unico,TAC RODILLA,False,False,False,False,False,False,base_no_separada
Prácticas-Tomografías.xls,Practicas,104,900856,TAC RODILLA 3D,900856 | 0 | TAC RODILLA 3D | TAC RODILLA 3D |  | Tomografia | TOMOGRAFIA HELIC.2 C/S/CONTRAS | Práctica | Sí | Unico,TAC RODILLA 3D,False,False,False,False,False,False,base_no_separada
Prácticas-Tomografías.xls,Practicas,105,901245,TAC SCREENING DE TORAX,901245 | 0 | TAC SCREENING DE TORAX | TAC SCREENING DE TORAX |  | Tomografia | TOMOGRAFIA HELIC.2 C/S/CONTRAS | Práctica | Sí | Unico,TAC SCREENING DE TORAX,False,False,False,False,False,False,base_no_separada
Prácticas-Tomografías.xls,Practicas,106,341005,TAC TIROIDEA (sin contraste),341005 | 0 | TAC TIROIDEA (sin contraste) | TAC TIROIDEA (sin contraste) |  | Tomografia | TOMOGRAFIA HELIC.2 C/S/CONTRAS | Práctica | Sí | Unico,TAC TIROIDEA ( ),False,False,True,False,False,True,
Prácticas-Tomografías.xls,Practicas,107,900191,TAC TIROIDEA C/CONTRASTE,900191 | 0 | TAC TIROIDEA C/CONTRASTE | TAC TIROIDEA C/CONTRASTE |  | Tomografia | TOMOGRAFIA HELIC.2 C/S/CONTRAS | Práctica | Sí | Unico,TAC TIROIDEA C/CONTRASTE,False,False,False,False,False,False,base_no_separada
Prácticas-Tomografías.xls,Practicas,108,900834,TAC TOBILLO CON CTE,900834 | 0 | TAC TOBILLO CON CTE | TAC TOBILLO CON CTE |  | Tomografia | TOMOGRAFIA HELIC.2 C/S/CONTRAS | Práctica | Sí | Unico,TAC TOBILLO CON CTE,False,False,False,False,False,False,base_no_separada
Prácticas-Tomografías.xls,Practicas,109,900833,TAC TOBILLO SIN CTE,900833 | 0 | TAC TOBILLO SIN CTE | TAC TOBILLO SIN CTE |  | Tomografia | TOMOGRAFIA HELIC.2 C/S/CONTRAS | Práctica | Sí | Unico,TAC TOBILLO SIN CTE,False,False,False,False,False,False,base_no_separada
Prácticas-Tomografías.xls,Practicas,110,341010,TAC TORACICA (sin contraste),341010 | 0 | TAC TORACICA (sin contraste) | TAC TORACICA (sin contraste) |  | Tomografia | TOMOGRAFIA HELIC.2 C/S/CONTRAS | Práctica | Sí | Unico,TAC TORACICA ( ),False,False,True,False,False,True,
Prácticas-Tomografías.xls,Practicas,111,900100,TAC TORACICA C/CONTRASTE,900100 | 0 | TAC TORACICA C/CONTRASTE | TAC TORACICA C/CONTRASTE |  | Tomografia | TOMOGRAFIA HELIC.2 C/S/CONTRAS | Práctica | Sí | Unico,TAC TORACICA C/CONTRASTE,False,False,False,False,False,False,base_no_separada
Prácticas-Tomografías.xls,Practicas,112,902233,TAC TRIPLE RULE OUT,902233 | 0 | TAC TRIPLE RULE OUT | TAC TRIPLE RULE OUT |  | Tomografia | TOMOGRAFIA HELIC.2 C/S/CONTRAS | Práctica | Sí | Unico,TAC TRIPLE RULE OUT,False,False,False,False,False,False,base_no_separada
Prácticas-Tomografías.xls,Practicas,113,341011,TAC VEJIGA Y PROSTATA (sin contraste),341011 | 0 | TAC VEJIGA Y PROSTATA (sin contraste) | TAC VEJIGA Y PROSTATA (sin contraste) |  | Tomografia | TOMOGRAFIA HELIC.2 C/S/CONTRAS | Práctica | Sí | Unico,TAC VEJIGA Y PROSTATA ( ),False,False,True,False,False,True,
Prácticas-Tomografías.xls,Practicas,114,900195,TAC VEJIGA Y PROSTATA C/CONTRASTE,900195 | 0 | TAC VEJIGA Y PROSTATA C/CONTRASTE | TAC VEJIGA Y PROSTATA C/CONTRASTE |  | Tomografia | TOMOGRAFIA HELIC.2 C/S/CONTRAS | Práctica | Sí | Unico,TAC VEJIGA Y PROSTATA C/CONTRASTE,False,False,False,False,False,False,base_no_separada
Prácticas-Tomografías.xls,Practicas,115,901195,TAC VEJIGA Y PROSTATA CON CONTRASTE,901195 | 0 | TAC VEJIGA Y PROSTATA CON CONTRASTE | TAC VEJIGA Y PROSTATA CON CONTRASTE |  | Tomografia | TOMOGRAFIA HELIC.2 C/S/CONTRAS | Práctica | Sí | Unico,TAC VEJIGA Y PROSTATA,False,True,False,False,False,True,
Prácticas-Tomografías.xls,Practicas,116,901804,TAC VIA EXCRETORA C/CTE,901804 | 0 | TAC VIA EXCRETORA C/CTE | TAC VIA EXCRETORA C/CTE |  | Tomografia | TOMOGRAFIA HELIC.2 C/S/CONTRAS | Práctica | Sí | Unico,TAC VIA EXCRETORA C/CTE,False,False,False,False,False,False,base_no_separada
Prácticas-Tomografías.xls,Practicas,117,900099,TAC.DE COLUMNA C/CONTRASTE,900099 | 0 | TAC.DE COLUMNA C/CONTRASTE | TAC.DE COLUMNA C/CONTRASTE |  | Tomografia | TOMOGRAFIA HELIC.2 C/S/CONTRAS | Práctica | Sí | Unico,TAC DE COLUMNA C/CONTRASTE,False,False,False,False,False,False,
Prácticas-Tomografías.xls,Practicas,118,3008484,TRIAMCINOLONA,3008484 | 0 | TRIAMCINOLONA | TRIAMCINOLONA |  | Tomografia | TOMOGRAFIA HELIC.2 C/S/CONTRAS | Set de Farmacia | No |,TRIAMCINOLONA,False,False,False,False,False,False,base_no_separada
Prácticas-Tomografías.xls,Practicas,119,901240,UROTOMOGRAFIA,901240 | 0 | UROTOMOGRAFIA | UROTOMOGRAFIA |  | Tomografia | TOMOGRAFIA HELIC.2 C/S/CONTRAS | Práctica | Sí | Unico,UROTOMOGRAFIA,False,False,False,False,False,False,base_no_separada
Prácticas-Tomografías.xls,Practicas,120,3009083,XENETIX (100ml),3009083 | 0 | XENETIX (100ml) | XENETIX (100ml) |  | Tomografia | TOMOGRAFIA HELIC.2 C/S/CONTRAS | Set de Farmacia | No |,XENETIX (100ML),False,False,False,False,False,False,base_no_separada
Prácticas-Tomografías.xls,Practicas,121,3009084,XENETIX 300 (50ml),3009084 | 0 | XENETIX 300 (50ml) | XENETIX 300 (50ml) |  | Tomografia | TOMOGRAFIA HELIC.2 C/S/CONTRAS | Set de Farmacia | No |,XENETIX 300 (50ML),False,False,False,False,False,False,base_no_separada
Prácticas-mamografías.xls,Practicas,2,340611,MAMOGRAFIA - ADICIONAL TECNICA DE EKLUND,340611 | 0 | MAMOGRAFIA - ADICIONAL TECNICA DE EKLUND | MAMOGRAFIA - ADICIONAL TECNICA DE EKLUND |  | Mamografia | MAMOGRAFIA | Práctica | Sí | Unico,MAMOGRAFIA - ADICIONAL TECNICA DE EKLUND,False,False,False,False,False,False,base_no_separada
Prácticas-mamografías.xls,Practicas,3,345002,MAMOGRAFIA CON MAGNIFICACION BILATERAL,345002 | 0 | MAMOGRAFIA CON MAGNIFICACION BILATERAL | MAMOGRAFIA CON MAGNIFICACION BILATERAL |  | Mamografia | MAMOGRAFIA | Práctica | Sí | Unico,MAMOGRAFIA CON MAGNIFICACION BILATERAL,False,False,False,False,False,False,base_no_separada
Prácticas-mamografías.xls,Practicas,4,345001,MAMOGRAFIA CON MAGNIFICACION UNILATERAL,345001 | 0 | MAMOGRAFIA CON MAGNIFICACION UNILATERAL | MAMOGRAFIA CON MAGNIFICACION UNILATERAL |  | Mamografia | MAMOGRAFIA | Práctica | Sí | Unico,MAMOGRAFIA CON MAGNIFICACION UNILATERAL,False,False,False,False,False,False,base_no_separada
Prácticas-mamografías.xls,Practicas,5,340602,MAMOGRAFIA PROYECCION AXILAR,340602 | 0 | MAMOGRAFIA PROYECCION AXILAR | MAMOGRAFIA PROYECCION AXILAR |  | Mamografia | MAMOGRAFIA | Práctica | Sí | Unico,MAMOGRAFIA PROYECCION AXILAR,False,False,False,False,False,False,base_no_separada
Prácticas-mamografías.xls,Practicas,6,340601,MAMOGRAFIA SENOGRAFIA,340601 | 0 | MAMOGRAFIA SENOGRAFIA | MAMOGRAFIA SENOGRAFIA |  | Mamografia | MAMOGRAFIA | Práctica | Sí | Unico,MAMOGRAFIA SENOGRAFIA,False,False,False,False,False,False,base_no_separada
Prácticas-mamografías.xls,Practicas,7,341101,MARCACION MAMARIA PREQUIRURGICA,341101 | 0 | MARCACION MAMARIA PREQUIRURGICA | MARCACION MAMARIA PREQUIRURGICA |  | Mamografia | MAMOGRAFIA | Práctica | Sí | Unico,MARCACION MAMARIA PREQUIRURGICA,False,False,False,False,False,False,base_no_separada
Prácticas-radiología.xls,Practicas,2,340507,CISTOURETROGRAFIA MICCIONAL - CISTOURE,340507 | 0 | CISTOURETROGRAFIA MICCIONAL - CISTOURE | CISTOURETROGRAFIA MICCIONAL - CISTOURE |  | Radiologia | RX | Práctica | Sí | Unico,CISTOURETROGRAFIA MICCIONAL - CISTOURE,False,False,False,False,False,False,base_no_separada
Prácticas-radiología.xls,Practicas,3,340412,"COLON P/ENEMA, EVACUADO Y DOBLE CONTRAS-","340412 | 0 | COLON P/ENEMA, EVACUADO Y DOBLE CONTRAS- | COLON P/ENEMA, EVACUADO Y DOBLE CONTRAS- |  | Radiologia | RX | Práctica | Sí | Unico",COLON P/ENEMA EVACUADO Y DOBLE CONTRAS-,False,False,False,False,False,False,
Prácticas-radiología.xls,Practicas,4,340604,HISTEROSALPINGOGRAFIA C/PRUEBA DE COTTE,340604 | 0 | HISTEROSALPINGOGRAFIA C/PRUEBA DE COTTE | HISTEROSALPINGOGRAFIA C/PRUEBA DE COTTE |  | Radiologia | RX | Práctica | Sí | Unico,HISTEROSALPINGOGRAFIA C/PRUEBA DE COTTE,False,False,False,False,False,False,base_no_separada
Prácticas-radiología.xls,Practicas,5,900241,PUNCION BIOPSIA BAJO CONTROL MAMOGRAFICO,900241 | 0 | PUNCION BIOPSIA BAJO CONTROL MAMOGRAFICO | PUNCION BIOPSIA BAJO CONTROL MAMOGRAFICO |  | Radiologia | RX | Práctica | Sí | Unico,PUNCION BIOPSIA BAJO CONTROL MAMOGRAFICO,False,False,False,False,True,False,posible_material_o_insumo;base_no_separada
Prácticas-radiología.xls,Practicas,6,340103,RADIOSCOP.C/CIRCUITO CERRADO DE TV.,340103 | 0 | RADIOSCOP.C/CIRCUITO CERRADO DE TV. | RADIOSCOP.C/CIRCUITO CERRADO DE TV. |  | Radiologia | RX | Práctica | Sí | Unico,RADIOSCOP C/CIRCUITO CERRADO DE TV,False,False,False,False,False,False,
Prácticas-radiología.xls,Practicas,7,340422,RX ABDOMEN SUBSIGUIENTE,340422 | 0 | RX ABDOMEN SUBSIGUIENTE | RX ABDOMEN SUBSIGUIENTE |  | Radiologia | RX | Práctica Adicional | Sí | Unico,RX ABDOMEN SUBSIGUIENTE,False,False,False,False,False,False,base_no_separada
Prácticas-radiología.xls,Practicas,8,340234,RX BRAZOS + SUBSIGUIENTE (340213),340234 | 0 | RX BRAZOS + SUBSIGUIENTE (340213) | RX BRAZOS + SUBSIGUIENTE (340213) |  | Radiologia | RX | Práctica | Sí | Unico,RX BRAZOS + SUBSIGUIENTE (340213),False,False,False,False,False,False,base_no_separada
Prácticas-radiología.xls,Practicas,9,340213,"RX CODO,ANTEBRAZO,MUNECA,MANO, DEDOS, RODILLA, PIERNA, TOBILLO Y PIE (dos por placa)","340213 | 0 | RX CODO,ANTEBRAZO,MUNECA,MANO, DEDOS, RODILLA, PIERNA, TOBILLO Y PIE (dos por placa) | RX CODO,ANTEBRAZO,MUNECA,MANO, DEDOS, RODILLA, PIERNA, TOBILLO Y PIE (dos por placa) |  | Radiologia | RX | Práctica | Sí | Unico",RX CODO ANTEBRAZO MUNECA MANO DEDOS RODILLA PIERNA TOBILLO Y PIE (DOS POR PLACA),False,False,False,False,False,False,
Prácticas-radiología.xls,Practicas,10,340209,RX COLUMNA,340209 | 0 | RX COLUMNA | RX COLUMNA |  | Radiologia | RX | Práctica | Sí | Unico,RX COLUMNA,False,False,False,False,False,False,base_no_separada
Prácticas-radiología.xls,Practicas,11,340201,RX CRANEO,340201 | 0 | RX CRANEO | RX CRANEO |  | Radiologia | RX | Práctica | Sí | Unico,RX CRANEO,False,False,False,False,False,False,base_no_separada
Prácticas-radiología.xls,Practicas,12,340421,RX DE ABDOMEN,340421 | 0 | RX DE ABDOMEN | RX DE ABDOMEN |  | Radiologia | RX | Práctica | Sí | Unico,RX DE ABDOMEN,False,False,False,False,False,False,base_no_separada
Prácticas-radiología.xls,Practicas,13,340236,RX MANO + SUBSIGUIENTE (340213),340236 | 0 | RX MANO + SUBSIGUIENTE (340213) | RX MANO + SUBSIGUIENTE (340213) |  | Radiologia | RX | Práctica | Sí | Unico,RX MANO + SUBSIGUIENTE (340213),False,False,False,False,False,False,base_no_separada
Prácticas-radiología.xls,Practicas,14,340238,RX PIERNA + SUBSIGUIENTE (340213),340238 | 0 | RX PIERNA + SUBSIGUIENTE (340213) | RX PIERNA + SUBSIGUIENTE  (340213) |  | Radiologia | RX | Práctica | Sí | Unico,RX PIERNA + SUBSIGUIENTE (340213),False,False,False,False,False,False,base_no_separada
Prácticas-radiología.xls,Practicas,15,340240,RX RODILLA + SUBSIGUIENTE (340213),340240 | 0 | RX RODILLA + SUBSIGUIENTE (340213) | RX RODILLA + SUBSIGUIENTE  (340213) |  | Radiologia | RX | Práctica | Sí | Unico,RX RODILLA + SUBSIGUIENTE (340213),False,False,False,False,False,False,base_no_separada
Prácticas-radiología.xls,Practicas,16,340501,RX SIMPLE ARBOL URINARIO,340501 | 0 | RX SIMPLE ARBOL URINARIO | RX SIMPLE ARBOL URINARIO |  | Radiologia | RX | Práctica | Sí | Unico,RX SIMPLE ARBOL URINARIO,False,False,False,False,False,False,base_no_separada
Prácticas-radiología.xls,Practicas,17,340210,RX SUBSIG. COLUMNA (340210),340210 | 0 | RX SUBSIG. COLUMNA (340210) | RX SUBSIG. COLUMNA (340210) |  | Radiologia | RX | Práctica | Sí | Unico,RX SUBSIG COLUMNA (340210),False,False,False,False,False,False,
Prácticas-radiología.xls,Practicas,18,340202,RX SUBSIG. DE CRANEO,340202 | 0 | RX SUBSIG. DE CRANEO | RX SUBSIG. DE CRANEO |  | Radiologia | RX | Práctica Adicional | Sí | Unico,RX SUBSIG DE CRANEO,False,False,False,False,False,False,
Prácticas-radiología.xls,Practicas,19,340302,RX SUBSIG. DE TORAX,340302 | 0 | RX SUBSIG. DE TORAX | RX SUBSIG. DE TORAX |  | Radiologia | RX | Práctica Adicional | Sí | Unico,RX SUBSIG DE TORAX,False,False,False,False,False,False,
Prácticas-radiología.xls,Practicas,20,340212,RX SUBSIG.(de codigo 340211),340212 | 0 | RX SUBSIG.(de codigo 340211) | RX SUBSIG.(de codigo 340211) |  | Radiologia | RX | Práctica | Sí | Unico,RX SUBSIG (DE CODIGO 340211),False,False,False,False,False,False,
Prácticas-radiología.xls,Practicas,21,340237,RX TOBILLO + SUBSIGUIENTE (340213),340237 | 0 | RX TOBILLO + SUBSIGUIENTE (340213) | RX TOBILLO + SUBSIGUIENTE (340213) |  | Radiologia | RX | Práctica | Sí | Unico,RX TOBILLO + SUBSIGUIENTE (340213),False,False,False,False,False,False,base_no_separada
Prácticas-radiología.xls,Practicas,22,340249,RX. MUNECA + SUBSIGUIENTE (340213),340249 | 0 | RX. MUNECA + SUBSIGUIENTE (340213) | RX. MUNECA + SUBSIGUIENTE (340213) |  | Radiologia | RX | Práctica | Sí | Unico,RX MUNECA + SUBSIGUIENTE (340213),False,False,False,False,False,False,
Prácticas-radiología.xls,Practicas,23,340247,RX. PIE + SUBSIGUIENTE (340213),340247 | 0 | RX. PIE + SUBSIGUIENTE (340213) | RX. PIE + SUBSIGUIENTE (340213) |  | Radiologia | RX | Práctica | Sí | Unico,RX PIE + SUBSIGUIENTE (340213),False,False,False,False,False,False,
Prácticas-radiología.xls,Practicas,24,340301,RX. TORAX,340301 | 0 | RX. TORAX | RX. TORAX |  | Radiologia | RX | Práctica | Sí | Unico,RX TORAX,False,False,False,False,False,False,
Prácticas-radiología.xls,Practicas,25,340211,"RX.HOMBRO,HUMERO,PELVIS,CADERA,FEMUR. (primera exposicion)","340211 | 0 | RX.HOMBRO,HUMERO,PELVIS,CADERA,FEMUR. (primera exposicion) | RX.HOMBRO,HUMERO,PELVIS,CADERA,FEMUR. (primera exposicion) |  | Radiologia | RX | Práctica | Sí | Unico",RX HOMBRO HUMERO PELVIS CADERA FEMUR (PRIMERA EXPOSICION),False,False,False,False,False,False,
Prácticas-radiología.xls,Practicas,26,340405,SERIADA ESOFAGOGASTRODUODENAL,340405 | 0 | SERIADA ESOFAGOGASTRODUODENAL | SERIADA ESOFAGOGASTRODUODENAL |  | Radiologia | RX | Práctica | Sí | Unico,SERIADA ESOFAGOGASTRODUODENAL,False,False,False,False,False,False,base_no_separada
Prácticas-radiología.xls,Practicas,27,170119,TILT TEST,170119 | 0 | TILT TEST | TILT TEST |  | Radiologia | RX | Práctica | Sí | Unico,TILT TEST,False,False,False,False,False,False,base_no_separada
Prácticas-radiología.xls,Practicas,28,340407,TRANSITO DE INTESTINO DELGADO O DE COLON,340407 | 0 | TRANSITO DE INTESTINO DELGADO O DE COLON | TRANSITO DE INTESTINO DELGADO O DE COLON |  | Radiologia | RX | Práctica | Sí | Unico,TRANSITO DE INTESTINO DELGADO O DE COLON,False,False,False,False,False,False,base_no_separada
Prácticas-radiología.xls,Practicas,29,340502,UROGRAMA EXCRET.PIELOGR.DESC.P/EST.,340502 | 0 | UROGRAMA EXCRET.PIELOGR.DESC.P/EST. | UROGRAMA EXCRET.PIELOGR.DESC.P/EST. |  | Radiologia | RX | Práctica | Sí | Unico,UROGRAMA EXCRET PIELOGR DESC P/EST,False,False,False,False,False,False,
Prácticas-radiología.xls,Practicas,30,340503,"UROGRAMA EXCRETOR CON ESTUDIO VESICAL,","340503 | 0 | UROGRAMA EXCRETOR CON ESTUDIO VESICAL, | UROGRAMA EXCRETOR CON ESTUDIO VESICAL, |  | Radiologia | RX | Práctica | Sí | Unico",UROGRAMA EXCRETOR CON ESTUDIO VESICAL,False,False,False,False,False,False,
Prácticas-radiología.xls,Practicas,31,900163,VIDEODEGLUCION,900163 | 0 | VIDEODEGLUCION | VIDEODEGLUCION |  | Radiologia | RX | Práctica | Sí | Unico,VIDEODEGLUCION,False,False,False,False,False,False,base_no_separada
